"北京市 ""2015-05-04"" ""67"" ""良"" ""臭氧8小时""",
"北京市 ""2015-05-03"" ""66"" ""良"" ""PM10""",
"北京市 ""2015-05-02"" ""89"" ""良"" ""臭氧8小时""",
"北京市 ""2015-05-01"" ""150"" ""轻度污染"" ""PM2.5""",
"北京市 ""2015-04-30"" ""153"" ""中度污染"" ""PM2.5""",
"北京市 ""2015-04-29"" ""152"" ""中度污染"" ""PM2.5""",
"北京市 ""2015-04-28"" ""79"" ""良"" ""臭氧8小时""",
"北京市 ""2015-04-27"" ""115"" ""轻度污染"" ""臭氧8小时""",
"北京市 ""2015-04-26"" ""161"" ""中度污染"" ""臭氧8小时""",
"北京市 ""2015-04-25"" ""119"" ""轻度污染"" ""臭氧8小时""",
"北京市 ""2015-04-24"" ""107"" ""轻度污染"" ""PM10""",
"北京市 ""2015-04-23"" ""80"" ""良"" ""PM10""",
"北京市 ""2015-04-22"" ""85"" ""良"" ""臭氧8小时""",
"北京市 ""2015-04-21"" ""91"" ""良"" ""PM10""",
"北京市 ""2015-04-20"" ""90"" ""良"" ""PM2.5""",
"北京市 ""2015-04-19"" ""87"" ""良"" ""PM10""",
"北京市 ""2015-04-17"" ""116"" ""轻度污染"" ""PM10""",
"北京市 ""2015-04-16"" ""87"" ""良"" ""PM10""",
"北京市 ""2015-04-15"" ""181"" ""中度污染"" ""PM10""",
"北京市 ""2015-04-14"" ""78"" ""良"" ""PM2.5""",
"北京市 ""2015-04-13"" ""68"" ""良"" ""臭氧8小时""",
"北京市 ""2015-04-12"" ""44"" ""优"" """"",
"北京市 ""2015-04-11"" ""182"" ""中度污染"" ""PM2.5""",
"北京市 ""2015-04-10"" ""201"" ""重度污染"" ""PM2.5""",
"北京市 ""2015-04-09"" ""217"" ""重度污染"" ""PM2.5""",
"北京市 ""2015-04-08"" ""135"" ""轻度污染"" ""PM2.5""",
"北京市 ""2015-04-07"" ""50"" ""优"" """"",
"北京市 ""2015-04-06"" ""43"" ""优"" """"",
"北京市 ""2015-04-05"" ""70"" ""良"" ""PM2.5""",
"北京市 ""2015-04-04"" ""90"" ""良"" ""PM2.5""",
"北京市 ""2015-04-03"" ""62"" ""良"" ""臭氧8小时""",
"北京市 ""2015-04-02"" ""50"" ""优"" """"",
"北京市 ""2015-04-01"" ""77"" ""良"" ""PM2.5""",
"北京市 ""2015-03-31"" ""192"" ""中度污染"" ""PM2.5""",
"北京市 ""2015-03-30"" ""201"" ""重度污染"" ""PM2.5""",
"北京市 ""2015-03-29"" ""176"" ""中度污染"" ""PM10""",
"北京市 ""2015-03-28"" ""174"" ""中度污染"" ""PM10""",
"北京市 ""2015-03-27"" ""143"" ""轻度污染"" ""PM2.5""",
"北京市 ""2015-03-26"" ""137"" ""轻度污染"" ""PM2.5""",
"北京市 ""2015-03-25"" ""160"" ""中度污染"" ""PM2.5""",
"北京市 ""2015-03-24"" ""109"" ""轻度污染"" ""PM2.5""",
"北京市 ""2015-03-23"" ""70"" ""良"" ""PM10""",
"北京市 ""2015-03-22"" ""79"" ""良"" ""PM10""",
"北京市 ""2015-03-21"" ""75"" ""良"" ""PM10""",
"北京市 ""2015-03-20"" ""123"" ""轻度污染"" ""PM10""",
"北京市 ""2015-03-19"" ""134"" ""轻度污染"" ""PM10""",
"北京市 ""2015-03-18"" ""75"" ""良"" ""PM10""",
"北京市 ""2015-03-17"" ""226"" ""重度污染"" ""PM2.5""",
"北京市 ""2015-03-16"" ""266"" ""重度污染"" ""PM2.5""",
"北京市 ""2015-03-15"" ""137"" ""轻度污染"" ""PM2.5""",
"北京市 ""2015-03-14"" ""132"" ""轻度污染"" ""PM2.5""",
"北京市 ""2015-03-13"" ""89"" ""良"" ""PM2.5""",
"北京市 ""2015-03-12"" ""98"" ""良"" ""PM2.5""",
"北京市 ""2015-03-11"" ""64"" ""良"" ""NO2""",
"北京市 ""2015-03-10"" ""57"" ""良"" ""NO2""",
"北京市 ""2015-03-09"" ""40"" ""优"" """"",
"北京市 ""2015-03-08"" ""152"" ""中度污染"" ""PM2.5""",
"北京市 ""2015-03-07"" ""279"" ""重度污染"" ""PM2.5""",
"北京市 ""2015-03-06"" ""251"" ""重度污染"" ""PM2.5""",
"北京市 ""2015-03-05"" ""153"" ""中度污染"" ""PM2.5""",
"北京市 ""2015-03-04"" ""47"" ""优"" """"",
"北京市 ""2015-03-03"" ""50"" ""优"" """"",
"北京市 ""2015-03-02"" ""74"" ""良"" ""PM2.5""",
"北京市 ""2015-03-01"" ""70"" ""良"" ""PM10""",
"北京市 ""2015-02-28"" ""165"" ""中度污染"" ""PM2.5""",
"北京市 ""2015-02-27"" ""41"" ""优"" """"",
"北京市 ""2015-02-26"" ""39"" ""优"" """"",
"北京市 ""2015-02-25"" ""88"" ""良"" ""PM2.5""",
"北京市 ""2015-02-24"" ""207"" ""重度污染"" ""PM2.5""",
"北京市 ""2015-02-23"" ""86"" ""良"" ""PM10""",
"北京市 ""2015-02-22"" ""158"" ""中度污染"" ""PM10""",
"北京市 ""2015-02-21"" ""394"" ""严重污染"" ""PM10""",
"北京市 ""2015-02-20"" ""183"" ""中度污染"" ""PM2.5""",
"北京市 ""2015-02-19"" ""267"" ""重度污染"" ""PM2.5""",
"北京市 ""2015-02-18"" ""73"" ""良"" ""PM2.5""",
"北京市 ""2015-02-17"" ""44"" ""优"" """"",
"北京市 ""2015-02-16"" ""153"" ""中度污染"" ""PM2.5""",
"北京市 ""2015-02-15"" ""326"" ""严重污染"" ""PM2.5""",
"北京市 ""2015-02-14"" ""293"" ""重度污染"" ""PM2.5""",
"北京市 ""2015-02-13"" ""175"" ""中度污染"" ""PM2.5""",
"北京市 ""2015-02-12"" ""59"" ""良"" ""NO2""",
"北京市 ""2015-02-11"" ""55"" ""良"" ""NO2","PM2.5"""
"北京市 ""2015-02-10"" ""166"" ""中度污染"" ""PM2.5""",
"北京市 ""2015-02-09"" ""152"" ""中度污染"" ""PM2.5""",
"北京市 ""2015-02-08"" ""46"" ""优"" """"",
"北京市 ""2015-02-07"" ""37"" ""优"" """"",
"北京市 ""2015-02-06"" ""100"" ""良"" ""NO2""",
"北京市 ""2015-02-05"" ""62"" ""良"" ""NO2""",
"北京市 ""2015-02-04"" ""36"" ""优"" """"",
"北京市 ""2015-02-03"" ""143"" ""轻度污染"" ""PM2.5""",
"北京市 ""2015-02-02"" ""188"" ""中度污染"" ""PM2.5""",
"北京市 ""2015-02-01"" ""108"" ""轻度污染"" ""PM2.5""",
"北京市 ""2015-01-31"" ""60"" ""良"" ""NO2""",
"北京市 ""2015-01-30"" ""35"" ""优"" """"",
"北京市 ""2015-01-29"" ""87"" ""良"" ""PM2.5""",
"北京市 ""2015-01-28"" ""65"" ""良"" ""NO2""",
"北京市 ""2015-01-27"" ""43"" ""优"" """"",
"北京市 ""2015-01-26"" ""119"" ""轻度污染"" ""PM2.5""",
"北京市 ""2015-01-25"" ""185"" ""中度污染"" ""PM2.5""",
"北京市 ""2015-01-24"" ""117"" ""轻度污染"" ""PM2.5""",
"北京市 ""2015-01-23"" ""257"" ""重度污染"" ""PM2.5""",
"北京市 ""2015-01-22"" ""143"" ""轻度污染"" ""PM2.5""",
"北京市 ""2015-01-21"" ""48"" ""优"" """"",
"北京市 ""2015-01-20"" ""113"" ""轻度污染"" ""PM2.5""",
"北京市 ""2015-01-19"" ""77"" ""良"" ""NO2""",
"北京市 ""2015-01-18"" ""94"" ""良"" ""PM2.5""",
"北京市 ""2015-01-17"" ""89"" ""良"" ""PM2.5""",
"北京市 ""2015-01-16"" ""118"" ""轻度污染"" ""PM2.5""",
"北京市 ""2015-01-15"" ""386"" ""严重污染"" ""PM2.5""",
"北京市 ""2015-01-14"" ""265"" ""重度污染"" ""PM2.5""",
"北京市 ""2015-01-13"" ""211"" ""重度污染"" ""PM2.5""",
"北京市 ""2015-01-12"" ""160"" ""中度污染"" ""PM2.5""",
"北京市 ""2015-01-11"" ""59"" ""良"" ""NO2""",
"北京市 ""2015-01-10"" ""208"" ""重度污染"" ""PM2.5""",
"北京市 ""2015-01-09"" ""105"" ""轻度污染"" ""PM2.5""",
"北京市 ""2015-01-08"" ""190"" ""中度污染"" ""PM2.5""",
"北京市 ""2015-01-07"" ""85"" ""良"" ""NO2","PM2.5"""
"北京市 ""2015-01-06"" ""60"" ""良"" ""PM10""",
"北京市 ""2015-01-05"" ""122"" ""轻度污染"" ""PM2.5""",
"北京市 ""2015-01-04"" ""226"" ""重度污染"" ""PM2.5""",
"北京市 ""2015-01-03"" ""200"" ""中度污染"" ""PM2.5""",
"北京市 ""2015-01-02"" ""79"" ""良"" ""NO2""",
"北京市 ""2015-01-01"" ""65"" ""良"" ""NO2""",
"北京市 ""2014-12-31"" ""43"" ""优"" """"",
"北京市 ""2014-12-30"" ""65"" ""良"" ""NO2""",
"北京市 ""2014-12-29"" ""125"" ""轻度污染"" ""PM2.5""",
"北京市 ""2014-12-28"" ""155"" ""中度污染"" ""PM2.5""",
"北京市 ""2014-12-27"" ""243"" ""重度污染"" ""PM2.5""",
"北京市 ""2014-12-26"" ""155"" ""中度污染"" ""PM2.5""",
"北京市 ""2014-12-25"" ""73"" ""良"" ""NO2""",
"北京市 ""2014-12-24"" ""44"" ""优"" """"",
"北京市 ""2014-12-23"" ""100"" ""良"" ""NO2""",
"北京市 ""2014-12-22"" ""103"" ""轻度污染"" ""PM2.5""",
"北京市 ""2014-12-21"" ""44"" ""优"" """"",
"北京市 ""2014-12-20"" ""32"" ""优"" """"",
"北京市 ""2014-12-19"" ""53"" ""良"" ""PM10""",
"北京市 ""2014-12-18"" """" """" """"",
"北京市 ""2014-12-17"" ""99"" ""良"" ""PM2.5""",
"北京市 ""2014-12-16"" ""33"" ""优"" """"",
"北京市 ""2014-12-15"" ""82"" ""良"" ""PM10""",
"北京市 ""2014-12-14"" ""113"" ""轻度污染"" ""PM2.5""",
"北京市 ""2014-12-13"" ""69"" ""良"" ""PM10""",
"北京市 ""2014-12-12"" ""41"" ""优"" """"",
"北京市 ""2014-12-11"" ""52"" ""良"" ""PM10""",
"北京市 ""2014-12-10"" ""153"" ""中度污染"" ""PM2.5""",
"北京市 ""2014-12-09"" ""276"" ""重度污染"" ""PM2.5""",
"北京市 ""2014-12-08"" ""82"" ""良"" ""NO2","PM2.5"""
"北京市 ""2014-12-07"" ""65"" ""良"" ""PM2.5""",
"北京市 ""2014-12-06"" ""89"" ""良"" ""NO2""",
"北京市 ""2014-12-05"" ""62"" ""良"" ""NO2""",
"北京市 ""2014-12-04"" ""31"" ""优"" """"",
"北京市 ""2014-12-03"" ""51"" ""良"" ""PM10""",
"北京市 ""2014-12-02"" ""65"" ""良"" ""NO2""",
"北京市 ""2014-12-01"" ""54"" ""良"" ""PM10""",
"北京市 ""2014-11-29"" ""276"" ""重度污染"" ""PM2.5""",
"北京市 ""2014-11-28"" ""114"" ""轻度污染"" ""PM2.5""",
"北京市 ""2014-11-27"" ""83"" ""良"" ""PM2.5""",
"北京市 ""2014-11-26"" ""293"" ""重度污染"" ""PM2.5""",
"北京市 ""2014-11-25"" ""196"" ""中度污染"" ""PM2.5""",
"北京市 ""2014-11-24"" ""94"" ""良"" ""PM2.5""",
"北京市 ""2014-11-23"" ""155"" ""中度污染"" ""PM2.5""",
"北京市 ""2014-11-22"" ""74"" ""良"" ""NO2""",
"北京市 ""2014-11-20"" ""351"" ""严重污染"" ""PM2.5""",
"北京市 ""2014-11-19"" ""282"" ""重度污染"" ""PM2.5""",
"北京市 ""2014-11-18"" ""93"" ""良"" ""NO2""",
"北京市 ""2014-11-17"" ""64"" ""良"" ""NO2""",
"北京市 ""2014-11-16"" ""98"" ""良"" ""PM2.5""",
"北京市 ""2014-11-15"" ""143"" ""轻度污染"" ""PM2.5""",
"北京市 ""2014-11-14"" ""77"" ""良"" ""NO2""",
"北京市 ""2014-11-13"" ""65"" ""良"" ""NO2""",
"北京市 ""2014-11-12"" ""40"" ""优"" """"",
"北京市 ""2014-11-11"" ""59"" ""良"" ""PM10""",
"北京市 ""2014-11-10"" ""95"" ""良"" ""PM2.5""",
"北京市 ""2014-11-09"" ""80"" ""良"" ""PM2.5""",
"北京市 ""2014-11-08"" ""93"" ""良"" ""PM2.5""",
"北京市 ""2014-11-07"" ""63"" ""良"" ""NO2""",
"北京市 ""2014-11-06"" ""32"" ""优"" """"",
"北京市 ""2014-11-05"" ""79"" ""良"" ""PM2.5""",
"北京市 ""2014-11-04"" ""150"" ""轻度污染"" ""PM2.5""",
"北京市 ""2014-11-03"" ""59"" ""良"" ""NO2""",
"北京市 ""2014-11-02"" ""34"" ""优"" """"",
"北京市 ""2014-11-01"" ""65"" ""良"" ""PM2.5""",
"北京市 ""2014-10-31"" ""204"" ""重度污染"" ""PM2.5""",
"北京市 ""2014-10-30"" ""206"" ""重度污染"" ""PM2.5""",
"北京市 ""2014-10-29"" ""140"" ""轻度污染"" ""PM2.5""",
"北京市 ""2014-10-28"" ""88"" ""良"" ""NO2""",
"北京市 ""2014-10-27"" ""72"" ""良"" ""NO2""",
"北京市 ""2014-10-26"" ""78"" ""良"" ""PM2.5""",
"北京市 ""2014-10-25"" ""353"" ""严重污染"" ""PM2.5""",
"北京市 ""2014-10-24"" ""267"" ""重度污染"" ""PM2.5""",
"北京市 ""2014-10-23"" ""163"" ""中度污染"" ""PM2.5""",
"北京市 ""2014-10-22"" ""99"" ""良"" ""PM2.5""",
"北京市 ""2014-10-21"" ""82"" ""良"" ""NO2""",
"北京市 ""2014-10-20"" ""250"" ""重度污染"" ""PM2.5""",
"北京市 ""2014-10-19"" ""289"" ""重度污染"" ""PM2.5""",
"北京市 ""2014-10-18"" ""211"" ""重度污染"" ""PM2.5""",
"北京市 ""2014-10-17"" ""132"" ""轻度污染"" ""PM2.5""",
"北京市 ""2014-10-16"" ""76"" ""良"" ""PM10""",
"北京市 ""2014-10-15"" ""73"" ""良"" ""PM10""",
"北京市 ""2014-10-14"" ""80"" ""良"" ""NO2""",
"北京市 ""2014-10-13"" ""49"" ""优"" """"",
"北京市 ""2014-10-12"" ""30"" ""优"" """"",
"北京市 ""2014-10-11"" ""233"" ""重度污染"" ""PM2.5""",
"北京市 ""2014-10-10"" ""346"" ""严重污染"" ""PM2.5""",
"北京市 ""2014-10-09"" ""379"" ""严重污染"" ""PM2.5""",
"北京市 ""2014-10-08"" ""314"" ""严重污染"" ""PM2.5""",
"北京市 ""2014-10-07"" ""200"" ""中度污染"" ""PM2.5""",
"北京市 ""2014-10-06"" ""68"" ""良"" ""NO2""",
"北京市 ""2014-10-05"" ""54"" ""良"" ""NO2""",
"北京市 ""2014-10-04"" ""95"" ""良"" ""PM2.5""",
"北京市 ""2014-10-03"" ""123"" ""轻度污染"" ""PM2.5""",
"北京市 ""2014-10-02"" ""78"" ""良"" ""PM2.5""",
"北京市 ""2014-10-01"" ""92"" ""良"" ""PM2.5""",
"北京市 ""2014-09-30"" ""53"" ""良"" ""NO2""",
"北京市 ""2014-09-29"" ""70"" ""良"" ""PM2.5""",
"北京市 ""2014-09-28"" ""87"" ""良"" ""NO2""",
"北京市 ""2014-09-27"" ""58"" ""良"" ""NO2""",
"北京市 ""2014-09-26"" ""170"" ""中度污染"" ""PM2.5""",
"北京市 ""2014-09-25"" ""144"" ""轻度污染"" ""PM2.5""",
"北京市 ""2014-09-24"" ""60"" ""良"" ""NO2""",
"北京市 ""2014-09-23"" ""64"" ""良"" ""PM2.5""",
"北京市 ""2014-09-22"" ""127"" ""轻度污染"" ""PM2.5""",
"北京市 ""2014-09-21"" ""129"" ""轻度污染"" ""PM2.5""",
"北京市 ""2014-09-20"" ""168"" ""中度污染"" ""PM2.5""",
"北京市 ""2014-09-19"" ""117"" ""轻度污染"" ""PM2.5""",
"北京市 ""2014-09-18"" ""84"" ""良"" ""PM2.5""",
"北京市 ""2014-09-17"" ""80"" ""良"" ""NO2""",
"北京市 ""2014-09-16"" ""87"" ""良"" ""NO2""",
"北京市 ""2014-09-15"" ""54"" ""良"" ""PM10""",
"北京市 ""2014-09-14"" ""66"" ""良"" ""PM10""",
"北京市 ""2014-09-13"" ""94"" ""良"" ""臭氧8小时""",
"北京市 ""2014-09-12"" ""97"" ""良"" ""PM2.5""",
"北京市 ""2014-09-11"" ""114"" ""轻度污染"" ""PM2.5""",
"北京市 ""2014-09-10"" ""111"" ""轻度污染"" ""臭氧8小时""",
"北京市 ""2014-09-09"" ""109"" ""轻度污染"" ""臭氧8小时""",
"北京市 ""2014-09-08"" ""61"" ""良"" ""臭氧8小时""",
"北京市 ""2014-09-07"" ""200"" ""中度污染"" ""PM2.5""",
"北京市 ""2014-09-06"" ""186"" ""中度污染"" ""PM2.5""",
"北京市 ""2014-09-05"" ""140"" ""轻度污染"" ""臭氧8小时""",
"北京市 ""2014-09-04"" ""100"" ""良"" ""臭氧8小时""",
"北京市 ""2014-09-03"" ""54"" ""良"" ""臭氧8小时""",
"北京市 ""2014-09-02"" ""42"" ""优"" """"",
"北京市 ""2014-09-01"" ""127"" ""轻度污染"" ""PM2.5""",
"北京市 ""2014-08-31"" ""89"" ""良"" ""PM2.5""",
"北京市 ""2014-08-30"" ""176"" ""中度污染"" ""PM2.5""",
"北京市 ""2014-08-29"" ""104"" ""轻度污染"" ""PM2.5""",
"北京市 ""2014-08-28"" ""103"" ""轻度污染"" ""PM2.5""",
"北京市 ""2014-08-27"" ""136"" ""轻度污染"" ""臭氧8小时""",
"北京市 ""2014-08-26"" ""78"" ""良"" ""臭氧8小时""",
"北京市 ""2014-08-25"" ""59"" ""良"" ""臭氧8小时""",
"北京市 ""2014-08-24"" ""75"" ""良"" ""臭氧8小时""",
"北京市 ""2014-08-23"" ""155"" ""中度污染"" ""臭氧8小时""",
"北京市 ""2014-08-22"" ""83"" ""良"" ""臭氧8小时""",
"北京市 ""2014-08-21"" ""169"" ""中度污染"" ""臭氧8小时""",
"北京市 ""2014-08-20"" ""164"" ""中度污染"" ""臭氧8小时""",
"北京市 ""2014-08-19"" ""150"" ""轻度污染"" ""臭氧8小时""",
"北京市 ""2014-08-18"" ""135"" ""轻度污染"" ""臭氧8小时""",
"北京市 ""2014-08-17"" ""124"" ""轻度污染"" ""臭氧8小时""",
"北京市 ""2014-08-16"" ""159"" ""中度污染"" ""臭氧8小时""",
"北京市 ""2014-08-15"" ""109"" ""轻度污染"" ""臭氧8小时""",
"北京市 ""2014-08-14"" ""104"" ""轻度污染"" ""臭氧8小时""",
"北京市 ""2014-08-13"" ""70"" ""良"" ""臭氧8小时""",
"北京市 ""2014-08-12"" ""119"" ""轻度污染"" ""臭氧8小时""",
"北京市 ""2014-08-11"" ""76"" ""良"" ""臭氧8小时""",
"北京市 ""2014-08-10"" ""125"" ""轻度污染"" ""臭氧8小时""",
"北京市 ""2014-08-09"" ""143"" ""轻度污染"" ""臭氧8小时""",
"北京市 ""2014-08-08"" ""140"" ""轻度污染"" ""臭氧8小时""",
"北京市 ""2014-08-07"" ""162"" ""中度污染"" ""臭氧8小时""",
"北京市 ""2014-08-06"" ""67"" ""良"" ""PM10""",
"北京市 ""2014-08-05"" ""80"" ""良"" ""臭氧8小时""",
"北京市 ""2014-08-04"" ""47"" ""优"" """"",
"北京市 ""2014-08-03"" ""149"" ""轻度污染"" ""PM2.5""",
"北京市 ""2014-08-02"" ""163"" ""中度污染"" ""PM2.5""",
"北京市 ""2014-08-01"" ""199"" ""中度污染"" ""PM2.5""",
"北京市 ""2014-07-31"" ""244"" ""重度污染"" ""PM2.5""",
"北京市 ""2014-07-30"" ""169"" ""中度污染"" ""PM2.5""",
"北京市 ""2014-07-29"" ""159"" ""中度污染"" ""PM2.5""",
"北京市 ""2014-07-28"" ""159"" ""中度污染"" ""PM2.5""",
"北京市 ""2014-07-27"" ""194"" ""中度污染"" ""臭氧8小时""",
"北京市 ""2014-07-26"" ""188"" ""中度污染"" ""臭氧8小时""",
"北京市 ""2014-07-25"" ""134"" ""轻度污染"" ""臭氧8小时""",
"北京市 ""2014-07-24"" ""90"" ""良"" ""NO2""",
"北京市 ""2014-07-23"" ""82"" ""良"" ""NO2""",
"北京市 ""2014-07-22"" ""54"" ""良"" ""NO2""",
"北京市 ""2014-07-21"" ""68"" ""良"" ""臭氧8小时""",
"北京市 ""2014-07-20"" ""119"" ""轻度污染"" ""臭氧8小时""",
"北京市 ""2014-07-19"" ""106"" ""轻度污染"" ""臭氧8小时""",
"北京市 ""2014-07-18"" ""182"" ""中度污染"" ""PM2.5""",
"北京市 ""2014-07-17"" ""186"" ""中度污染"" ""PM2.5""",
"北京市 ""2014-07-16"" ""133"" ""轻度污染"" ""PM2.5""",
"北京市 ""2014-07-15"" ""140"" ""轻度污染"" ""臭氧8小时""",
"北京市 ""2014-07-14"" ""156"" ""中度污染"" ""臭氧8小时""",
"北京市 ""2014-07-13"" ""64"" ""良"" ""臭氧8小时""",
"北京市 ""2014-07-12"" ""80"" ""良"" ""臭氧8小时""",
"北京市 ""2014-07-11"" ""77"" ""良"" ""臭氧8小时""",
"北京市 ""2014-07-10"" ""114"" ""轻度污染"" ""臭氧8小时""",
"北京市 ""2014-07-09"" ""63"" ""良"" ""NO2""",
"北京市 ""2014-07-08"" ""134"" ""轻度污染"" ""PM2.5""",
"北京市 ""2014-07-07"" ""216"" ""重度污染"" ""PM2.5""",
"北京市 ""2014-07-06"" ""256"" ""重度污染"" ""PM2.5""",
"北京市 ""2014-07-05"" ""165"" ""中度污染"" ""PM2.5""",
"北京市 ""2014-07-04"" ""237"" ""重度污染"" ""PM2.5""",
"北京市 ""2014-07-03"" ""248"" ""重度污染"" ""PM2.5""",
"北京市 ""2014-07-02"" ""80"" ""良"" ""PM2.5""",
"北京市 ""2014-07-01"" ""172"" ""中度污染"" ""臭氧8小时""",
"北京市 ""2014-06-30"" ""185"" ""中度污染"" ""臭氧8小时""",
"北京市 ""2014-06-29"" ""161"" ""中度污染"" ""臭氧8小时""",
"北京市 ""2014-06-28"" ""77"" ""良"" ""臭氧8小时""",
"北京市 ""2014-06-27"" ""68"" ""良"" ""臭氧8小时""",
"北京市 ""2014-06-26"" ""163"" ""中度污染"" ""PM2.5""",
"北京市 ""2014-06-25"" ""138"" ""轻度污染"" ""PM2.5""",
"北京市 ""2014-06-24"" ""161"" ""中度污染"" ""臭氧8小时""",
"北京市 ""2014-06-23"" ""115"" ""轻度污染"" ""臭氧8小时""",
"北京市 ""2014-06-22"" ""91"" ""良"" ""臭氧8小时""",
"北京市 ""2014-06-21"" ""96"" ""良"" ""臭氧8小时""",
"北京市 ""2014-06-20"" ""84"" ""良"" ""臭氧8小时""",
"北京市 ""2014-06-19"" ""116"" ""轻度污染"" ""臭氧8小时""",
"北京市 ""2014-06-18"" ""116"" ""轻度污染"" ""臭氧8小时""",
"北京市 ""2014-06-17"" ""104"" ""轻度污染"" ""PM2.5""",
"北京市 ""2014-06-16"" ""178"" ""中度污染"" ""PM2.5""",
"北京市 ""2014-06-15"" ""178"" ""中度污染"" ""臭氧8小时""",
"北京市 ""2014-06-14"" ""165"" ""中度污染"" ""臭氧8小时""",
"北京市 ""2014-06-13"" ""116"" ""轻度污染"" ""臭氧8小时""",
"北京市 ""2014-06-12"" ""90"" ""良"" ""臭氧8小时""",
"北京市 ""2014-06-11"" ""74"" ""良"" ""臭氧8小时""",
"北京市 ""2014-06-10"" ""95"" ""良"" ""PM2.5""",
"北京市 ""2014-06-09"" ""87"" ""良"" ""臭氧8小时""",
"北京市 ""2014-06-08"" ""70"" ""良"" ""NO2""",
"北京市 ""2014-06-07"" ""51"" ""良"" ""臭氧8小时""",
"北京市 ""2014-06-06"" ""103"" ""轻度污染"" ""臭氧8小时""",
"北京市 ""2014-06-05"" ""157"" ""中度污染"" ""臭氧8小时""",
"北京市 ""2014-06-04"" ""124"" ""轻度污染"" ""臭氧8小时""",
"北京市 ""2014-06-03"" ""117"" ""轻度污染"" ""臭氧8小时""",
"北京市 ""2014-06-02"" ""90"" ""良"" ""臭氧8小时""",
"北京市 ""2014-06-01"" ""130"" ""轻度污染"" ""臭氧8小时""",
"北京市 ""2014-05-31"" ""177"" ""中度污染"" ""臭氧8小时""",
"北京市 ""2014-05-30"" ""192"" ""中度污染"" ""臭氧8小时""",
"北京市 ""2014-05-29"" ""120"" ""轻度污染"" ""臭氧8小时""",
"北京市 ""2014-05-28"" ""121"" ""轻度污染"" ""臭氧8小时""",
"北京市 ""2014-05-27"" ""107"" ""轻度污染"" ""PM10""",
"北京市 ""2014-05-26"" ""77"" ""良"" ""臭氧8小时""",
"北京市 ""2014-05-25"" ""91"" ""良"" ""PM10""",
"北京市 ""2014-05-24"" ""104"" ""轻度污染"" ""PM2.5""",
"北京市 ""2014-05-23"" ""140"" ""轻度污染"" ""臭氧8小时""",
"北京市 ""2014-05-22"" ""183"" ""中度污染"" ""PM2.5""",
"北京市 ""2014-05-21"" ""170"" ""中度污染"" ""臭氧8小时""",
"北京市 ""2014-05-20"" ""113"" ""轻度污染"" ""臭氧8小时""",
"北京市 ""2014-05-19"" ""146"" ""轻度污染"" ""臭氧8小时""",
"北京市 ""2014-05-18"" ""171"" ""中度污染"" ""臭氧8小时""",
"北京市 ""2014-05-17"" ""124"" ""轻度污染"" ""臭氧8小时""",
"北京市 ""2014-05-16"" ""92"" ""良"" ""PM10""",
"北京市 ""2014-05-15"" ""122"" ""轻度污染"" ""PM10""",
"北京市 ""2014-05-14"" ""59"" ""良"" ""PM10""",
"北京市 ""2014-05-13"" ""86"" ""良"" ""PM10""",
"北京市 ""2014-05-12"" ""74"" ""良"" ""臭氧8小时""",
"北京市 ""2014-05-11"" ""46"" ""优"" """"",
"北京市 ""2014-05-10"" ""69"" ""良"" ""PM10","PM2.5"""
"北京市 ""2014-05-09"" ""84"" ""良"" ""PM2.5""",
"北京市 ""2014-05-08"" ""104"" ""轻度污染"" ""PM2.5""",
"北京市 ""2014-05-07"" ""82"" ""良"" ""PM2.5""",
"北京市 ""2014-05-06"" ""105"" ""轻度污染"" ""PM2.5""",
"北京市 ""2014-05-05"" ""54"" ""良"" ""PM10""",
"北京市 ""2014-05-04"" ""57"" ""良"" ""PM10""",
"北京市 ""2014-05-03"" ""93"" ""良"" ""PM10""",
"北京市 ""2014-05-02"" ""50"" ""优"" """"",
"北京市 ""2014-05-01"" ""156"" ""中度污染"" ""PM2.5""",
"北京市 ""2014-04-30"" ""139"" ""轻度污染"" ""PM2.5""",
"北京市 ""2014-04-29"" ""122"" ""轻度污染"" ""PM2.5""",
"北京市 ""2014-04-28"" ""83"" ""良"" ""臭氧8小时""",
"北京市 ""2014-04-27"" ""74"" ""良"" ""PM10""",
"北京市 ""2014-04-26"" ""69"" ""良"" ""PM10""",
"北京市 ""2014-04-25"" ""163"" ""中度污染"" ""PM2.5""",
"北京市 ""2014-04-24"" ""156"" ""中度污染"" ""PM2.5""",
"北京市 ""2014-04-23"" ""156"" ""中度污染"" ""PM2.5""",
"北京市 ""2014-04-22"" ""85"" ""良"" ""臭氧8小时""",
"北京市 ""2014-04-21"" ""73"" ""良"" ""NO2""",
"北京市 ""2014-04-20"" ""84"" ""良"" ""PM2.5""",
"北京市 ""2014-04-19"" ""84"" ""良"" ""PM2.5""",
"北京市 ""2014-04-18"" ""182"" ""中度污染"" ""PM2.5""",
"北京市 ""2014-04-17"" ""124"" ""轻度污染"" ""PM2.5""",
"北京市 ""2014-04-16"" ""90"" ""良"" ""NO2""",
"北京市 ""2014-04-15"" ""109"" ""轻度污染"" ""PM2.5""",
"北京市 ""2014-04-14"" ""270"" ""重度污染"" ""PM2.5""",
"北京市 ""2014-04-13"" ""212"" ""重度污染"" ""PM2.5""",
"北京市 ""2014-04-12"" ""133"" ""轻度污染"" ""PM2.5""",
"北京市 ""2014-04-11"" ""83"" ""良"" ""PM2.5""",
"北京市 ""2014-04-10"" ""246"" ""重度污染"" ""PM10""",
"北京市 ""2014-04-09"" ""156"" ""中度污染"" ""PM2.5""",
"北京市 ""2014-04-08"" ""223"" ""重度污染"" ""PM2.5""",
"北京市 ""2014-04-07"" ""135"" ""轻度污染"" ""PM2.5""",
"北京市 ""2014-04-06"" ""98"" ""良"" ""PM10""",
"北京市 ""2014-04-05"" ""68"" ""良"" ""PM10""",
"北京市 ""2014-04-04"" ""91"" ""良"" ""PM10""",
"北京市 ""2014-04-03"" ""66"" ""良"" ""PM10""",
"北京市 ""2014-04-02"" ""133"" ""轻度污染"" ""PM2.5""",
"北京市 ""2014-04-01"" ""147"" ""轻度污染"" ""PM2.5""",
"北京市 ""2014-03-31"" ""183"" ""中度污染"" ""PM2.5""",
"北京市 ""2014-03-30"" ""77"" ""良"" ""NO2""",
"北京市 ""2014-03-29"" ""63"" ""良"" ""PM10""",
"北京市 ""2014-03-28"" ""169"" ""中度污染"" ""PM2.5""",
"北京市 ""2014-03-27"" ""285"" ""重度污染"" ""PM2.5""",
"北京市 ""2014-03-26"" ""331"" ""严重污染"" ""PM2.5""",
"北京市 ""2014-03-26"" """" ""严重污染"" """"",
"北京市 ""2014-03-25"" ""255"" ""重度污染"" ""PM2.5""",
"北京市 ""2014-03-24"" ""271"" ""重度污染"" ""PM2.5""",
"北京市 ""2014-03-23"" ""186"" ""中度污染"" ""PM2.5""",
"北京市 ""2014-03-22"" ""86"" ""良"" ""PM10""",
"北京市 ""2014-03-21"" ""62"" ""良"" ""PM10""",
"北京市 ""2014-03-20"" ""44"" ""优"" """"",
"北京市 ""2014-03-19"" ""73"" ""良"" ""PM10""",
"北京市 ""2014-03-18"" ""85"" ""良"" ""PM10""",
"北京市 ""2014-03-17"" ""142"" ""轻度污染"" ""PM10""",
"北京市 ""2014-03-16"" ""145"" ""轻度污染"" ""PM2.5""",
"北京市 ""2014-03-15"" ""133"" ""轻度污染"" ""PM2.5""",
"北京市 ""2014-03-14"" ""64"" ""良"" ""PM10""",
"北京市 ""2014-03-13"" ""69"" ""良"" ""PM10""",
"北京市 ""2014-03-12"" ""41"" ""优"" """"",
"北京市 ""2014-03-11"" ""195"" ""中度污染"" ""PM2.5""",
"北京市 ""2014-03-10"" ""110"" ""轻度污染"" ""PM2.5""",
"北京市 ""2014-03-09"" ""127"" ""轻度污染"" ""PM2.5""",
"北京市 ""2014-03-08"" ""179"" ""中度污染"" ""PM2.5""",
"北京市 ""2014-03-07"" ""70"" ""良"" ""NO2""",
"北京市 ""2014-03-06"" ""43"" ""优"" """"",
"北京市 ""2014-03-05"" ""50"" ""优"" """"",
"北京市 ""2014-03-04"" ""67"" ""良"" ""PM2.5""",
"北京市 ""2014-03-03"" ""268"" ""重度污染"" ""PM2.5""",
"北京市 ""2014-03-02"" ""189"" ""中度污染"" ""PM2.5""",
"北京市 ""2014-03-01"" ""68"" ""良"" ""NO2""",
"北京市 ""2014-02-28"" ""113"" ""轻度污染"" ""PM2.5""",
"北京市 ""2014-02-27"" ""37"" ""优"" """"",
"北京市 ""2014-02-25"" ""404"" ""严重污染"" ""PM2.5""",
"北京市 ""2014-02-24"" ""313"" ""严重污染"" ""PM2.5""",
"北京市 ""2014-02-23"" ""255"" ""重度污染"" ""PM2.5""",
"北京市 ""2014-02-22"" ""311"" ""严重污染"" ""PM2.5""",
"北京市 ""2014-02-21"" ""311"" ""严重污染"" ""细颗粒物(PM2.5)""",
"北京市 ""2014-02-20"" ""270"" ""重度污染"" ""细颗粒物(PM2.5)""",
"北京市 ""2014-02-19"" ""92"" ""良"" ""细颗粒物(PM2.5)""",
"北京市 ""2014-02-18"" ""98"" ""良"" ""细颗粒物(PM2.5)""",
"北京市 ""2014-02-17"" ""118"" ""轻度污染"" ""细颗粒物(PM2.5)""",
"北京市 ""2014-02-16"" ""348"" ""严重污染"" ""细颗粒物(PM2.5)""",
"北京市 ""2014-02-15"" ""429"" ""严重污染"" ""PM2.5""",
"北京市 ""2014-02-14"" ""329"" ""严重污染"" ""PM2.5""",
"北京市 ""2014-02-13"" ""242"" ""重度污染"" ""PM2.5""",
"北京市 ""2014-02-12"" ""150"" ""轻度污染"" ""PM2.5""",
"北京市 ""2014-02-11"" ""142"" ""轻度污染"" ""PM2.5""",
"北京市 ""2014-02-10"" ""53"" ""良"" ""NO2""",
"北京市 ""2014-02-09"" ""34"" ""优"" """"",
"北京市 ""2014-02-08"" ""84"" ""良"" ""PM2.5""",
"北京市 ""2014-02-07"" ""124"" ""轻度污染"" ""PM2.5""",
"北京市 ""2014-02-06"" ""158"" ""中度污染"" ""PM2.5""",
"北京市 ""2014-02-05"" ""119"" ""轻度污染"" ""PM2.5""",
"北京市 ""2014-02-04"" ""47"" ""优"" """"",
"北京市 ""2014-02-03"" ""38"" ""优"" """"",
"北京市 ""2014-02-02"" ""85"" ""良"" ""PM2.5""",
"北京市 ""2014-02-01"" ""178"" ""中度污染"" ""PM2.5""",
"北京市 ""2014-01-31"" ""188"" ""中度污染"" ""PM2.5""",
"北京市 ""2014-01-30"" ""93"" ""良"" ""PM2.5""",
"北京市 ""2014-01-29"" ""165"" ""中度污染"" ""PM2.5""",
"北京市 ""2014-01-28"" ""67"" ""良"" ""PM10""",
"北京市 ""2014-01-27"" ""114"" ""轻度污染"" ""PM2.5""",
"北京市 ""2014-01-26"" ""77"" ""良"" ""PM2.5""",
"北京市 ""2014-01-25"" ""50"" ""优"" """"",
"北京市 ""2014-01-24"" ""195"" ""中度污染"" ""PM2.5""",
"北京市 ""2014-01-23"" ""276"" ""重度污染"" ""PM2.5""",
"北京市 ""2014-01-22"" ""162"" ""中度污染"" ""PM2.5""",
"北京市 ""2014-01-21"" ""68"" ""良"" ""NO2""",
"北京市 ""2014-01-20"" ""33"" ""优"" """"",
"北京市 ""2014-01-19"" ""149"" ""轻度污染"" ""PM2.5""",
"北京市 ""2014-01-18"" ""113"" ""轻度污染"" ""PM2.5""",
"北京市 ""2014-01-17"" ""209"" ""重度污染"" ""PM2.5""",
"北京市 ""2014-01-16"" ""403"" ""严重污染"" ""PM2.5""",
"北京市 ""2014-01-15"" ""180"" ""中度污染"" ""PM2.5""",
"北京市 ""2014-01-14"" ""113"" ""轻度污染"" ""PM2.5""",
"北京市 ""2014-01-13"" ""117"" ""轻度污染"" ""PM2.5""",
"北京市 ""2014-01-12"" ""52"" ""良"" ""NO2""",
"北京市 ""2014-01-11"" ""159"" ""中度污染"" ""PM2.5""",
"北京市 ""2014-01-10"" ""95"" ""良"" ""NO2""",
"北京市 ""2014-01-09"" ""49"" ""优"" """"",
"北京市 ""2014-01-08"" ""32"" ""优"" """"",
"北京市 ""2014-01-07"" ""122"" ""轻度污染"" ""PM2.5""",
"北京市 ""2014-01-05"" ""113"" ""轻度污染"" ""PM2.5""",
"北京市 ""2014-01-04"" ""165"" ""中度污染"" ""PM2.5""",
"北京市 ""2014-01-03"" ""74"" ""良"" ""PM10""",
"北京市 ""2014-01-02"" ""158"" ""中度污染"" ""PM2.5""",
"北京市 ""2014-01-01"" ""85"" ""良"" ""NO2""",
"天津市 ""2015-05-04"" ""54"" ""良"" ""PM10""",
"天津市 ""2015-05-03"" ""69"" ""良"" ""PM2.5""",
"天津市 ""2015-05-02"" ""69"" ""良"" ""PM2.5""",
"天津市 ""2015-05-01"" ""93"" ""良"" ""臭氧8小时""",
"天津市 ""2015-04-30"" ""144"" ""轻度污染"" ""PM2.5""",
"天津市 ""2015-04-29"" ""100"" ""良"" ""PM2.5""",
"天津市 ""2015-04-28"" ""78"" ""良"" ""PM2.5""",
"天津市 ""2015-04-27"" ""99"" ""良"" ""PM2.5""",
"天津市 ""2015-04-26"" ""78"" ""良"" ""PM10""",
"天津市 ""2015-04-25"" ""108"" ""轻度污染"" ""PM10""",
"天津市 ""2015-04-24"" ""96"" ""良"" ""PM10""",
"天津市 ""2015-04-23"" ""94"" ""良"" ""PM10","PM2.5"""
"天津市 ""2015-04-22"" ""72"" ""良"" ""PM2.5""",
"天津市 ""2015-04-21"" ""87"" ""良"" ""PM10""",
"天津市 ""2015-04-20"" ""89"" ""良"" ""PM2.5""",
"天津市 ""2015-04-19"" ""78"" ""良"" ""PM10""",
"天津市 ""2015-04-17"" ""107"" ""轻度污染"" ""PM10""",
"天津市 ""2015-04-16"" ""83"" ""良"" ""PM10""",
"天津市 ""2015-04-15"" ""123"" ""轻度污染"" ""PM10""",
"天津市 ""2015-04-14"" ""128"" ""轻度污染"" ""PM2.5""",
"天津市 ""2015-04-13"" ""65"" ""良"" ""PM2.5""",
"天津市 ""2015-04-12"" ""42"" ""优"" """"",
"天津市 ""2015-04-11"" ""215"" ""重度污染"" ""PM2.5""",
"天津市 ""2015-04-10"" ""218"" ""重度污染"" ""PM2.5""",
"天津市 ""2015-04-09"" ""149"" ""轻度污染"" ""PM2.5""",
"天津市 ""2015-04-08"" ""125"" ""轻度污染"" ""PM2.5""",
"天津市 ""2015-04-07"" ""80"" ""良"" ""PM2.5""",
"天津市 ""2015-04-06"" ""48"" ""优"" """"",
"天津市 ""2015-04-05"" ""98"" ""良"" ""PM2.5""",
"天津市 ""2015-04-04"" ""122"" ""轻度污染"" ""PM2.5""",
"天津市 ""2015-04-03"" ""55"" ""良"" ""PM2.5""",
"天津市 ""2015-04-02"" ""68"" ""良"" ""PM2.5""",
"天津市 ""2015-04-01"" ""62"" ""良"" ""PM2.5""",
"天津市 ""2015-03-31"" ""88"" ""良"" ""PM2.5""",
"天津市 ""2015-03-30"" ""145"" ""轻度污染"" ""PM10""",
"天津市 ""2015-03-29"" ""178"" ""中度污染"" ""PM10""",
"天津市 ""2015-03-28"" ""273"" ""重度污染"" ""PM10""",
"天津市 ""2015-03-27"" ""80"" ""良"" ""PM2.5""",
"天津市 ""2015-03-26"" ""88"" ""良"" ""PM2.5""",
"天津市 ""2015-03-25"" ""102"" ""轻度污染"" ""PM2.5""",
"天津市 ""2015-03-24"" ""99"" ""良"" ""PM2.5""",
"天津市 ""2015-03-23"" ""74"" ""良"" ""PM10""",
"天津市 ""2015-03-22"" ""102"" ""轻度污染"" ""PM10""",
"天津市 ""2015-03-21"" ""108"" ""轻度污染"" ""PM10""",
"天津市 ""2015-03-20"" ""166"" ""中度污染"" ""PM10""",
"天津市 ""2015-03-19"" ""166"" ""中度污染"" ""PM10""",
"天津市 ""2015-03-18"" ""102"" ""轻度污染"" ""NO2""",
"天津市 ""2015-03-17"" ""123"" ""轻度污染"" ""PM2.5""",
"天津市 ""2015-03-16"" ""210"" ""重度污染"" ""PM2.5""",
"天津市 ""2015-03-15"" ""139"" ""轻度污染"" ""PM10""",
"天津市 ""2015-03-14"" ""98"" ""良"" ""NO2""",
"天津市 ""2015-03-13"" ""82"" ""良"" ""NO2""",
"天津市 ""2015-03-12"" ""100"" ""良"" ""PM2.5""",
"天津市 ""2015-03-11"" ""78"" ""良"" ""PM10""",
"天津市 ""2015-03-10"" ""71"" ""良"" ""PM10""",
"天津市 ""2015-03-09"" ""54"" ""良"" ""PM10""",
"天津市 ""2015-03-08"" ""147"" ""轻度污染"" ""PM2.5""",
"天津市 ""2015-03-07"" ""148"" ""轻度污染"" ""PM2.5""",
"天津市 ""2015-03-06"" ""134"" ""轻度污染"" ""PM2.5""",
"天津市 ""2015-03-05"" ""73"" ""良"" ""PM10""",
"天津市 ""2015-03-04"" ""56"" ""良"" ""PM10""",
"天津市 ""2015-03-03"" ""67"" ""良"" ""PM10""",
"天津市 ""2015-03-02"" ""103"" ""轻度污染"" ""PM10""",
"天津市 ""2015-03-01"" ""106"" ""轻度污染"" ""PM10""",
"天津市 ""2015-02-28"" ""82"" ""良"" ""PM2.5""",
"天津市 ""2015-02-27"" ""49"" ""优"" """"",
"天津市 ""2015-02-26"" ""61"" ""良"" ""PM10""",
"天津市 ""2015-02-25"" ""108"" ""轻度污染"" ""PM2.5""",
"天津市 ""2015-02-24"" ""139"" ""轻度污染"" ""PM10""",
"天津市 ""2015-02-23"" ""96"" ""良"" ""PM10""",
"天津市 ""2015-02-22"" ""189"" ""中度污染"" ""PM10""",
"天津市 ""2015-02-21"" ""147"" ""轻度污染"" ""PM2.5""",
"天津市 ""2015-02-20"" ""84"" ""良"" ""PM2.5""",
"天津市 ""2015-02-19"" ""107"" ""轻度污染"" ""PM2.5""",
"天津市 ""2015-02-18"" ""90"" ""良"" ""PM2.5""",
"天津市 ""2015-02-17"" ""67"" ""良"" ""PM10""",
"天津市 ""2015-02-16"" ""155"" ""中度污染"" ""PM2.5""",
"天津市 ""2015-02-15"" ""162"" ""中度污染"" ""PM2.5""",
"天津市 ""2015-02-14"" ""241"" ""重度污染"" ""PM2.5""",
"天津市 ""2015-02-13"" ""119"" ""轻度污染"" ""PM2.5""",
"天津市 ""2015-02-12"" ""62"" ""良"" ""NO2""",
"天津市 ""2015-02-11"" ""120"" ""轻度污染"" ""PM2.5""",
"天津市 ""2015-02-10"" ""169"" ""中度污染"" ""PM2.5""",
"天津市 ""2015-02-09"" ""118"" ""轻度污染"" ""PM2.5""",
"天津市 ""2015-02-08"" ""43"" ""优"" """"",
"天津市 ""2015-02-07"" ""83"" ""良"" ""PM10""",
"天津市 ""2015-02-06"" ""140"" ""轻度污染"" ""PM2.5""",
"天津市 ""2015-02-05"" ""55"" ""良"" ""NO2""",
"天津市 ""2015-02-04"" ""50"" ""优"" """"",
"天津市 ""2015-02-03"" ""198"" ""中度污染"" ""PM2.5""",
"天津市 ""2015-02-02"" ""168"" ""中度污染"" ""PM2.5""",
"天津市 ""2015-02-01"" ""180"" ""中度污染"" ""PM2.5""",
"天津市 ""2015-01-31"" ""65"" ""良"" ""NO2""",
"天津市 ""2015-01-30"" ""44"" ""优"" """"",
"天津市 ""2015-01-29"" ""79"" ""良"" ""PM2.5""",
"天津市 ""2015-01-28"" ""88"" ""良"" ""NO2","PM2.5"""
"天津市 ""2015-01-27"" ""44"" ""优"" """"",
"天津市 ""2015-01-26"" ""180"" ""中度污染"" ""PM2.5""",
"天津市 ""2015-01-25"" ""112"" ""轻度污染"" ""PM2.5""",
"天津市 ""2015-01-24"" ""129"" ""轻度污染"" ""PM2.5""",
"天津市 ""2015-01-23"" ""203"" ""重度污染"" ""PM2.5""",
"天津市 ""2015-01-22"" ""117"" ""轻度污染"" ""PM2.5""",
"天津市 ""2015-01-21"" ""89"" ""良"" ""PM2.5""",
"天津市 ""2015-01-20"" ""122"" ""轻度污染"" ""PM2.5""",
"天津市 ""2015-01-19"" ""77"" ""良"" ""NO2""",
"天津市 ""2015-01-18"" ""113"" ""轻度污染"" ""PM2.5""",
"天津市 ""2015-01-17"" ""67"" ""良"" ""NO2""",
"天津市 ""2015-01-16"" ""107"" ""轻度污染"" ""PM2.5""",
"天津市 ""2015-01-15"" ""262"" ""重度污染"" ""PM2.5""",
"天津市 ""2015-01-14"" ""253"" ""重度污染"" ""PM2.5""",
"天津市 ""2015-01-13"" ""160"" ""中度污染"" ""PM2.5""",
"天津市 ""2015-01-12"" ""82"" ""良"" ""NO2""",
"天津市 ""2015-01-11"" ""74"" ""良"" ""NO2""",
"天津市 ""2015-01-10"" ""237"" ""重度污染"" ""PM2.5""",
"天津市 ""2015-01-09"" ""166"" ""中度污染"" ""PM2.5""",
"天津市 ""2015-01-08"" ""195"" ""中度污染"" ""PM2.5""",
"天津市 ""2015-01-07"" ""94"" ""良"" ""PM2.5""",
"天津市 ""2015-01-06"" ""58"" ""良"" ""PM10""",
"天津市 ""2015-01-05"" ""139"" ""轻度污染"" ""PM2.5""",
"天津市 ""2015-01-04"" ""372"" ""严重污染"" ""PM2.5""",
"天津市 ""2015-01-03"" ""245"" ""重度污染"" ""PM2.5""",
"天津市 ""2015-01-02"" ""88"" ""良"" ""PM2.5""",
"天津市 ""2015-01-01"" ""79"" ""良"" ""PM2.5""",
"天津市 ""2014-12-31"" ""83"" ""良"" ""PM10""",
"天津市 ""2014-12-30"" ""143"" ""轻度污染"" ""PM2.5""",
"天津市 ""2014-12-29"" ""325"" ""严重污染"" ""PM2.5""",
"天津市 ""2014-12-28"" ""368"" ""严重污染"" ""PM2.5""",
"天津市 ""2014-12-27"" ""334"" ""严重污染"" ""PM2.5""",
"天津市 ""2014-12-26"" ""160"" ""中度污染"" ""PM2.5""",
"天津市 ""2014-12-25"" ""105"" ""轻度污染"" ""PM2.5""",
"天津市 ""2014-12-24"" ""139"" ""轻度污染"" ""PM2.5""",
"天津市 ""2014-12-23"" ""241"" ""重度污染"" ""PM2.5""",
"天津市 ""2014-12-22"" ""178"" ""中度污染"" ""PM2.5""",
"天津市 ""2014-12-21"" ""57"" ""良"" ""PM10""",
"天津市 ""2014-12-20"" ""52"" ""良"" ""NO2""",
"天津市 ""2014-12-19"" ""140"" ""轻度污染"" ""PM2.5""",
"天津市 ""2014-12-18"" ""236"" ""重度污染"" ""PM2.5""",
"天津市 ""2014-12-17"" ""104"" ""轻度污染"" ""PM2.5""",
"天津市 ""2014-12-16"" ""53"" ""良"" ""PM10""",
"天津市 ""2014-12-15"" ""148"" ""轻度污染"" ""PM2.5""",
"天津市 ""2014-12-14"" ""180"" ""中度污染"" ""PM2.5""",
"天津市 ""2014-12-13"" ""107"" ""轻度污染"" ""PM2.5""",
"天津市 ""2014-12-12"" ""61"" ""良"" ""PM10""",
"天津市 ""2014-12-11"" ""55"" ""良"" ""NO2""",
"天津市 ""2014-12-10"" ""178"" ""中度污染"" ""PM2.5""",
"天津市 ""2014-12-09"" ""205"" ""重度污染"" ""PM2.5""",
"天津市 ""2014-12-08"" ""109"" ""轻度污染"" ""PM2.5""",
"天津市 ""2014-12-07"" ""98"" ""良"" ""PM2.5""",
"天津市 ""2014-12-06"" ""139"" ""轻度污染"" ""PM2.5""",
"天津市 ""2014-12-05"" ""65"" ""良"" ""PM10""",
"天津市 ""2014-12-04"" ""57"" ""良"" ""PM10""",
"天津市 ""2014-12-03"" ""80"" ""良"" ""PM10","PM2.5"""
"天津市 ""2014-12-02"" ""77"" ""良"" ""PM2.5""",
"天津市 ""2014-12-01"" ""89"" ""良"" ""PM10""",
"天津市 ""2014-11-29"" ""239"" ""重度污染"" ""PM2.5""",
"天津市 ""2014-11-28"" ""139"" ""轻度污染"" ""PM2.5""",
"天津市 ""2014-11-27"" ""230"" ""重度污染"" ""PM2.5""",
"天津市 ""2014-11-26"" ""320"" ""严重污染"" ""PM2.5""",
"天津市 ""2014-11-25"" ""98"" ""良"" ""PM2.5""",
"天津市 ""2014-11-24"" ""134"" ""轻度污染"" ""PM2.5""",
"天津市 ""2014-11-23"" ""176"" ""中度污染"" ""PM2.5""",
"天津市 ""2014-11-22"" ""118"" ""轻度污染"" ""PM2.5""",
"天津市 ""2014-11-20"" ""241"" ""重度污染"" ""PM2.5""",
"天津市 ""2014-11-19"" ""186"" ""中度污染"" ""PM2.5""",
"天津市 ""2014-11-18"" ""182"" ""中度污染"" ""PM2.5""",
"天津市 ""2014-11-17"" ""70"" ""良"" ""NO2""",
"天津市 ""2014-11-16"" ""110"" ""轻度污染"" ""PM2.5""",
"天津市 ""2014-11-15"" ""107"" ""轻度污染"" ""PM2.5""",
"天津市 ""2014-11-14"" ""94"" ""良"" ""NO2""",
"天津市 ""2014-11-13"" ""73"" ""良"" ""NO2""",
"天津市 ""2014-11-12"" ""59"" ""良"" ""PM10""",
"天津市 ""2014-11-11"" ""110"" ""轻度污染"" ""PM2.5""",
"天津市 ""2014-11-10"" ""222"" ""重度污染"" ""PM2.5""",
"天津市 ""2014-11-09"" ""158"" ""中度污染"" ""PM2.5""",
"天津市 ""2014-11-08"" ""82"" ""良"" ""PM2.5""",
"天津市 ""2014-11-07"" ""62"" ""良"" ""NO2""",
"天津市 ""2014-11-06"" ""52"" ""良"" ""PM10""",
"天津市 ""2014-11-05"" ""103"" ""轻度污染"" ""PM2.5""",
"天津市 ""2014-11-04"" ""107"" ""轻度污染"" ""PM2.5""",
"天津市 ""2014-11-03"" ""88"" ""良"" ""PM2.5""",
"天津市 ""2014-11-02"" ""52"" ""良"" ""PM10""",
"天津市 ""2014-11-01"" ""125"" ""轻度污染"" ""PM2.5""",
"天津市 ""2014-10-31"" ""198"" ""中度污染"" ""PM2.5""",
"天津市 ""2014-10-30"" ""190"" ""中度污染"" ""PM2.5""",
"天津市 ""2014-10-29"" ""135"" ""轻度污染"" ""PM2.5""",
"天津市 ""2014-10-28"" ""67"" ""良"" ""NO2""",
"天津市 ""2014-10-27"" ""58"" ""良"" ""PM10""",
"天津市 ""2014-10-26"" ""173"" ""中度污染"" ""PM2.5""",
"天津市 ""2014-10-25"" ""265"" ""重度污染"" ""PM2.5""",
"天津市 ""2014-10-24"" ""291"" ""重度污染"" ""PM2.5""",
"天津市 ""2014-10-23"" ""231"" ""重度污染"" ""PM2.5""",
"天津市 ""2014-10-22"" ""74"" ""良"" ""PM10""",
"天津市 ""2014-10-21"" ""63"" ""良"" ""PM10""",
"天津市 ""2014-10-20"" ""166"" ""中度污染"" ""PM2.5""",
"天津市 ""2014-10-19"" ""185"" ""中度污染"" ""PM2.5""",
"天津市 ""2014-10-18"" ""214"" ""重度污染"" ""PM2.5""",
"天津市 ""2014-10-17"" ""160"" ""中度污染"" ""PM2.5""",
"天津市 ""2014-10-16"" ""71"" ""良"" ""PM10""",
"天津市 ""2014-10-15"" ""103"" ""轻度污染"" ""PM2.5""",
"天津市 ""2014-10-14"" ""110"" ""轻度污染"" ""PM2.5""",
"天津市 ""2014-10-13"" ""57"" ""良"" ""PM10""",
"天津市 ""2014-10-12"" ""43"" ""优"" """"",
"天津市 ""2014-10-11"" ""129"" ""轻度污染"" ""PM2.5""",
"天津市 ""2014-10-10"" ""228"" ""重度污染"" ""PM2.5""",
"天津市 ""2014-10-09"" ""224"" ""重度污染"" ""PM2.5""",
"天津市 ""2014-10-08"" ""210"" ""重度污染"" ""PM2.5""",
"天津市 ""2014-10-07"" ""132"" ""轻度污染"" ""PM2.5""",
"天津市 ""2014-10-06"" ""56"" ""良"" ""PM10""",
"天津市 ""2014-10-05"" ""49"" ""优"" """"",
"天津市 ""2014-10-04"" ""53"" ""良"" ""PM2.5""",
"天津市 ""2014-10-03"" ""80"" ""良"" ""PM2.5""",
"天津市 ""2014-10-02"" ""104"" ""轻度污染"" ""PM2.5""",
"天津市 ""2014-10-01"" ""99"" ""良"" ""PM2.5""",
"天津市 ""2014-09-30"" ""48"" ""优"" """"",
"天津市 ""2014-09-29"" ""82"" ""良"" ""PM2.5""",
"天津市 ""2014-09-28"" ""65"" ""良"" ""PM10""",
"天津市 ""2014-09-27"" ""89"" ""良"" ""PM2.5""",
"天津市 ""2014-09-26"" ""143"" ""轻度污染"" ""PM2.5""",
"天津市 ""2014-09-25"" ""68"" ""良"" ""PM2.5""",
"天津市 ""2014-09-24"" ""59"" ""良"" ""PM10""",
"天津市 ""2014-09-23"" ""105"" ""轻度污染"" ""PM2.5""",
"天津市 ""2014-09-22"" ""84"" ""良"" ""PM2.5""",
"天津市 ""2014-09-21"" ""64"" ""良"" ""PM2.5""",
"天津市 ""2014-09-20"" ""122"" ""轻度污染"" ""PM2.5""",
"天津市 ""2014-09-19"" ""92"" ""良"" ""PM2.5""",
"天津市 ""2014-09-18"" ""84"" ""良"" ""PM2.5""",
"天津市 ""2014-09-17"" ""55"" ""良"" ""PM10","PM2.5"""
"天津市 ""2014-09-16"" ""90"" ""良"" ""PM2.5""",
"天津市 ""2014-09-15"" ""63"" ""良"" ""NO2""",
"天津市 ""2014-09-14"" ""94"" ""良"" ""PM2.5""",
"天津市 ""2014-09-13"" ""89"" ""良"" ""臭氧8小时""",
"天津市 ""2014-09-12"" ""69"" ""良"" ""PM2.5""",
"天津市 ""2014-09-11"" ""73"" ""良"" ""PM10""",
"天津市 ""2014-09-10"" ""61"" ""良"" ""PM10""",
"天津市 ""2014-09-09"" ""72"" ""良"" ""臭氧8小时""",
"天津市 ""2014-09-08"" ""56"" ""良"" ""PM10""",
"天津市 ""2014-09-07"" ""138"" ""轻度污染"" ""PM2.5""",
"天津市 ""2014-09-06"" ""135"" ""轻度污染"" ""PM2.5""",
"天津市 ""2014-09-05"" ""84"" ""良"" ""PM2.5""",
"天津市 ""2014-09-04"" ""59"" ""良"" ""PM10""",
"天津市 ""2014-09-03"" ""37"" ""优"" """"",
"天津市 ""2014-09-02"" ""46"" ""优"" """"",
"天津市 ""2014-09-01"" ""89"" ""良"" ""PM2.5""",
"天津市 ""2014-08-31"" ""63"" ""良"" ""PM2.5""",
"天津市 ""2014-08-30"" ""99"" ""良"" ""PM2.5""",
"天津市 ""2014-08-29"" ""92"" ""良"" ""PM2.5""",
"天津市 ""2014-08-28"" ""99"" ""良"" ""PM2.5""",
"天津市 ""2014-08-27"" ""108"" ""轻度污染"" ""PM10""",
"天津市 ""2014-08-26"" ""82"" ""良"" ""PM10""",
"天津市 ""2014-08-25"" ""54"" ""良"" ""PM10""",
"天津市 ""2014-08-24"" ""64"" ""良"" ""臭氧8小时""",
"天津市 ""2014-08-23"" ""110"" ""轻度污染"" ""PM2.5""",
"天津市 ""2014-08-22"" ""88"" ""良"" ""PM10""",
"天津市 ""2014-08-21"" ""119"" ""轻度污染"" ""PM2.5""",
"天津市 ""2014-08-20"" ""104"" ""轻度污染"" ""PM2.5""",
"天津市 ""2014-08-19"" ""99"" ""良"" ""臭氧8小时""",
"天津市 ""2014-08-18"" ""75"" ""良"" ""PM2.5""",
"天津市 ""2014-08-17"" ""68"" ""良"" ""臭氧8小时""",
"天津市 ""2014-08-16"" ""133"" ""轻度污染"" ""PM2.5""",
"天津市 ""2014-08-15"" ""110"" ""轻度污染"" ""臭氧8小时""",
"天津市 ""2014-08-14"" ""90"" ""良"" ""臭氧8小时""",
"天津市 ""2014-08-13"" ""48"" ""优"" """"",
"天津市 ""2014-08-12"" ""84"" ""良"" ""NO2","PM10"""
"天津市 ""2014-08-11"" ""80"" ""良"" ""臭氧8小时""",
"天津市 ""2014-08-10"" ""115"" ""轻度污染"" ""臭氧8小时""",
"天津市 ""2014-08-09"" ""82"" ""良"" ""臭氧8小时""",
"天津市 ""2014-08-08"" ""95"" ""良"" ""臭氧8小时""",
"天津市 ""2014-08-07"" ""70"" ""良"" ""PM10","臭氧8小时"""
"天津市 ""2014-08-06"" ""82"" ""良"" ""臭氧8小时""",
"天津市 ""2014-08-05"" ""60"" ""良"" ""臭氧8小时""",
"天津市 ""2014-08-04"" ""82"" ""良"" ""PM2.5""",
"天津市 ""2014-08-03"" ""94"" ""良"" ""PM2.5""",
"天津市 ""2014-08-02"" ""67"" ""良"" ""PM2.5""",
"天津市 ""2014-08-01"" ""80"" ""良"" ""PM2.5""",
"天津市 ""2014-07-31"" ""113"" ""轻度污染"" ""PM2.5""",
"天津市 ""2014-07-30"" ""119"" ""轻度污染"" ""PM2.5""",
"天津市 ""2014-07-29"" ""168"" ""中度污染"" ""PM2.5""",
"天津市 ""2014-07-28"" ""138"" ""轻度污染"" ""PM2.5""",
"天津市 ""2014-07-27"" ""124"" ""轻度污染"" ""PM2.5""",
"天津市 ""2014-07-26"" ""120"" ""轻度污染"" ""臭氧8小时""",
"天津市 ""2014-07-25"" ""109"" ""轻度污染"" ""臭氧8小时""",
"天津市 ""2014-07-24"" ""73"" ""良"" ""PM10""",
"天津市 ""2014-07-23"" ""64"" ""良"" ""臭氧8小时""",
"天津市 ""2014-07-22"" ""69"" ""良"" ""NO2""",
"天津市 ""2014-07-21"" ""80"" ""良"" ""PM2.5""",
"天津市 ""2014-07-20"" ""88"" ""良"" ""臭氧8小时""",
"天津市 ""2014-07-19"" ""110"" ""轻度污染"" ""臭氧8小时""",
"天津市 ""2014-07-18"" ""118"" ""轻度污染"" ""PM2.5""",
"天津市 ""2014-07-17"" ""97"" ""良"" ""臭氧8小时""",
"天津市 ""2014-07-16"" ""118"" ""轻度污染"" ""PM2.5""",
"天津市 ""2014-07-15"" ""120"" ""轻度污染"" ""臭氧8小时""",
"天津市 ""2014-07-14"" ""136"" ""轻度污染"" ""臭氧8小时""",
"天津市 ""2014-07-13"" ""120"" ""轻度污染"" ""臭氧8小时""",
"天津市 ""2014-07-12"" ""139"" ""轻度污染"" ""臭氧8小时""",
"天津市 ""2014-07-11"" ""140"" ""轻度污染"" ""臭氧8小时""",
"天津市 ""2014-07-10"" ""116"" ""轻度污染"" ""臭氧8小时""",
"天津市 ""2014-07-09"" ""74"" ""良"" ""NO2""",
"天津市 ""2014-07-08"" ""142"" ""轻度污染"" ""PM2.5""",
"天津市 ""2014-07-07"" ""133"" ""轻度污染"" ""臭氧8小时""",
"天津市 ""2014-07-06"" ""117"" ""轻度污染"" ""臭氧8小时""",
"天津市 ""2014-07-05"" ""138"" ""轻度污染"" ""PM2.5""",
"天津市 ""2014-07-04"" ""170"" ""中度污染"" ""PM2.5""",
"天津市 ""2014-07-03"" ""140"" ""轻度污染"" ""PM2.5""",
"天津市 ""2014-07-02"" ""88"" ""良"" ""臭氧8小时""",
"天津市 ""2014-07-01"" ""123"" ""轻度污染"" ""臭氧8小时""",
"天津市 ""2014-06-30"" ""129"" ""轻度污染"" ""臭氧8小时""",
"天津市 ""2014-06-29"" ""112"" ""轻度污染"" ""臭氧8小时""",
"天津市 ""2014-06-28"" ""76"" ""良"" ""臭氧8小时""",
"天津市 ""2014-06-27"" ""74"" ""良"" ""臭氧8小时""",
"天津市 ""2014-06-26"" ""138"" ""轻度污染"" ""臭氧8小时""",
"天津市 ""2014-06-25"" ""100"" ""良"" ""PM2.5""",
"天津市 ""2014-06-24"" ""120"" ""轻度污染"" ""臭氧8小时""",
"天津市 ""2014-06-23"" ""110"" ""轻度污染"" ""臭氧8小时""",
"天津市 ""2014-06-22"" ""90"" ""良"" ""臭氧8小时""",
"天津市 ""2014-06-21"" ""74"" ""良"" ""臭氧8小时""",
"天津市 ""2014-06-20"" ""54"" ""良"" ""臭氧8小时""",
"天津市 ""2014-06-19"" ""92"" ""良"" ""PM2.5""",
"天津市 ""2014-06-18"" ""130"" ""轻度污染"" ""PM2.5""",
"天津市 ""2014-06-17"" ""119"" ""轻度污染"" ""PM2.5""",
"天津市 ""2014-06-16"" ""139"" ""轻度污染"" ""PM2.5""",
"天津市 ""2014-06-15"" ""116"" ""轻度污染"" ""臭氧8小时""",
"天津市 ""2014-06-14"" ""128"" ""轻度污染"" ""臭氧8小时""",
"天津市 ""2014-06-13"" ""68"" ""良"" ""PM10","臭氧8小时"""
"天津市 ""2014-06-12"" ""102"" ""轻度污染"" ""臭氧8小时""",
"天津市 ""2014-06-11"" ""98"" ""良"" ""PM2.5""",
"天津市 ""2014-06-10"" ""79"" ""良"" ""PM2.5""",
"天津市 ""2014-06-09"" ""100"" ""良"" ""臭氧8小时""",
"天津市 ""2014-06-08"" ""84"" ""良"" ""臭氧8小时""",
"天津市 ""2014-06-07"" ""47"" ""优"" """"",
"天津市 ""2014-06-06"" ""97"" ""良"" ""PM2.5""",
"天津市 ""2014-06-05"" ""115"" ""轻度污染"" ""臭氧8小时""",
"天津市 ""2014-06-04"" ""87"" ""良"" ""PM2.5""",
"天津市 ""2014-06-03"" ""75"" ""良"" ""臭氧8小时""",
"天津市 ""2014-06-02"" ""60"" ""良"" ""臭氧8小时""",
"天津市 ""2014-06-01"" ""81"" ""良"" ""PM10""",
"天津市 ""2014-05-31"" ""158"" ""中度污染"" ""PM2.5""",
"天津市 ""2014-05-30"" ""129"" ""轻度污染"" ""臭氧8小时""",
"天津市 ""2014-05-29"" ""108"" ""轻度污染"" ""臭氧8小时""",
"天津市 ""2014-05-28"" ""78"" ""良"" ""PM10""",
"天津市 ""2014-05-27"" ""121"" ""轻度污染"" ""PM10""",
"天津市 ""2014-05-26"" ""82"" ""良"" ""PM10""",
"天津市 ""2014-05-25"" ""134"" ""轻度污染"" ""PM2.5""",
"天津市 ""2014-05-24"" ""90"" ""良"" ""PM2.5""",
"天津市 ""2014-05-23"" ""120"" ""轻度污染"" ""PM2.5""",
"天津市 ""2014-05-22"" ""150"" ""轻度污染"" ""PM2.5""",
"天津市 ""2014-05-21"" ""190"" ""中度污染"" ""PM2.5""",
"天津市 ""2014-05-20"" ""150"" ""轻度污染"" ""PM2.5""",
"天津市 ""2014-05-19"" ""137"" ""轻度污染"" ""PM2.5""",
"天津市 ""2014-05-18"" ""95"" ""良"" ""臭氧8小时""",
"天津市 ""2014-05-17"" ""82"" ""良"" ""NO2""",
"天津市 ""2014-05-16"" ""110"" ""轻度污染"" ""PM10""",
"天津市 ""2014-05-15"" ""120"" ""轻度污染"" ""PM10""",
"天津市 ""2014-05-14"" ""66"" ""良"" ""PM10""",
"天津市 ""2014-05-13"" ""90"" ""良"" ""PM10","PM2.5"""
"天津市 ""2014-05-12"" ""65"" ""良"" ""PM10""",
"天津市 ""2014-05-11"" ""44"" ""优"" """"",
"天津市 ""2014-05-10"" ""61"" ""良"" ""PM10""",
"天津市 ""2014-05-09"" ""76"" ""良"" ""PM10""",
"天津市 ""2014-05-08"" ""80"" ""良"" ""PM2.5""",
"天津市 ""2014-05-07"" ""99"" ""良"" ""PM2.5""",
"天津市 ""2014-05-06"" ""100"" ""良"" ""PM10","PM2.5"""
"天津市 ""2014-05-05"" ""61"" ""良"" ""PM10""",
"天津市 ""2014-05-04"" ""69"" ""良"" ""PM10""",
"天津市 ""2014-05-03"" ""105"" ""轻度污染"" ""PM10""",
"天津市 ""2014-05-02"" ""58"" ""良"" ""PM10""",
"天津市 ""2014-05-01"" ""110"" ""轻度污染"" ""臭氧8小时""",
"天津市 ""2014-04-30"" ""106"" ""轻度污染"" ""臭氧8小时""",
"天津市 ""2014-04-29"" ""92"" ""良"" ""PM2.5""",
"天津市 ""2014-04-28"" ""80"" ""良"" ""PM10""",
"天津市 ""2014-04-27"" ""98"" ""良"" ""PM2.5""",
"天津市 ""2014-04-26"" ""66"" ""良"" ""PM10""",
"天津市 ""2014-04-25"" ""94"" ""良"" ""PM10""",
"天津市 ""2014-04-24"" ""120"" ""轻度污染"" ""PM2.5""",
"天津市 ""2014-04-23"" ""137"" ""轻度污染"" ""PM2.5""",
"天津市 ""2014-04-22"" ""122"" ""轻度污染"" ""PM2.5""",
"天津市 ""2014-04-21"" ""147"" ""轻度污染"" ""PM2.5""",
"天津市 ""2014-04-20"" ""104"" ""轻度污染"" ""PM2.5""",
"天津市 ""2014-04-19"" ""90"" ""良"" ""NO2""",
"天津市 ""2014-04-18"" ""115"" ""轻度污染"" ""PM2.5""",
"天津市 ""2014-04-17"" ""144"" ""轻度污染"" ""PM2.5""",
"天津市 ""2014-04-16"" ""118"" ""轻度污染"" ""PM10""",
"天津市 ""2014-04-15"" ""104"" ""轻度污染"" ""PM10""",
"天津市 ""2014-04-14"" ""165"" ""中度污染"" ""PM2.5""",
"天津市 ""2014-04-13"" ""204"" ""重度污染"" ""PM2.5""",
"天津市 ""2014-04-12"" ""119"" ""轻度污染"" ""PM2.5""",
"天津市 ""2014-04-11"" ""105"" ""轻度污染"" ""NO2""",
"天津市 ""2014-04-10"" ""156"" ""中度污染"" ""PM10""",
"天津市 ""2014-04-09"" ""166"" ""中度污染"" ""PM2.5""",
"天津市 ""2014-04-08"" ""188"" ""中度污染"" ""PM2.5""",
"天津市 ""2014-04-07"" ""120"" ""轻度污染"" ""PM2.5""",
"天津市 ""2014-04-06"" ""115"" ""轻度污染"" ""PM10""",
"天津市 ""2014-04-05"" ""108"" ""轻度污染"" ""PM10""",
"天津市 ""2014-04-04"" ""97"" ""良"" ""PM10""",
"天津市 ""2014-04-03"" ""85"" ""良"" ""PM10""",
"天津市 ""2014-04-02"" ""115"" ""轻度污染"" ""PM2.5""",
"天津市 ""2014-04-01"" ""155"" ""中度污染"" ""PM2.5""",
"天津市 ""2014-03-31"" ""192"" ""中度污染"" ""PM2.5""",
"天津市 ""2014-03-30"" ""143"" ""轻度污染"" ""PM2.5""",
"天津市 ""2014-03-29"" ""172"" ""中度污染"" ""PM2.5""",
"天津市 ""2014-03-28"" ""232"" ""重度污染"" ""PM2.5""",
"天津市 ""2014-03-27"" ""215"" ""重度污染"" ""PM2.5""",
"天津市 ""2014-03-26"" ""249"" ""重度污染"" ""PM2.5""",
"天津市 ""2014-03-26"" ""249"" ""重度污染"" ""PM2.5""",
"天津市 ""2014-03-25"" ""218"" ""重度污染"" ""PM2.5""",
"天津市 ""2014-03-24"" ""169"" ""中度污染"" ""PM2.5""",
"天津市 ""2014-03-23"" ""218"" ""重度污染"" ""PM2.5""",
"天津市 ""2014-03-22"" ""119"" ""轻度污染"" ""PM2.5""",
"天津市 ""2014-03-21"" ""118"" ""轻度污染"" ""PM2.5""",
"天津市 ""2014-03-20"" ""59"" ""良"" ""NO2""",
"天津市 ""2014-03-19"" ""100"" ""良"" ""PM2.5""",
"天津市 ""2014-03-18"" ""121"" ""轻度污染"" ""PM10""",
"天津市 ""2014-03-17"" ""171"" ""中度污染"" ""PM10""",
"天津市 ""2014-03-16"" ""188"" ""中度污染"" ""PM2.5""",
"天津市 ""2014-03-15"" ""179"" ""中度污染"" ""PM2.5""",
"天津市 ""2014-03-14"" ""82"" ""良"" ""PM10""",
"天津市 ""2014-03-13"" ""84"" ""良"" ""PM2.5""",
"天津市 ""2014-03-12"" ""75"" ""良"" ""PM10""",
"天津市 ""2014-03-11"" ""241"" ""重度污染"" ""PM2.5""",
"天津市 ""2014-03-10"" ""130"" ""轻度污染"" ""PM2.5""",
"天津市 ""2014-03-09"" ""94"" ""良"" ""PM2.5""",
"天津市 ""2014-03-08"" ""202"" ""重度污染"" ""PM2.5""",
"天津市 ""2014-03-07"" ""89"" ""良"" ""NO2""",
"天津市 ""2014-03-06"" ""60"" ""良"" ""NO2""",
"天津市 ""2014-03-05"" ""87"" ""良"" ""PM2.5""",
"天津市 ""2014-03-04"" ""120"" ""轻度污染"" ""PM2.5""",
"天津市 ""2014-03-03"" ""185"" ""中度污染"" ""PM2.5""",
"天津市 ""2014-03-02"" ""216"" ""重度污染"" ""PM2.5""",
"天津市 ""2014-03-01"" ""87"" ""良"" ""NO2""",
"天津市 ""2014-02-28"" ""68"" ""良"" ""NO2""",
"天津市 ""2014-02-27"" ""57"" ""良"" ""PM10""",
"天津市 ""2014-02-26"" ""251"" ""重度污染"" ""PM2.5""",
"天津市 ""2014-02-25"" ""294"" ""重度污染"" ""PM2.5""",
"天津市 ""2014-02-24"" ""239"" ""重度污染"" ""PM2.5""",
"天津市 ""2014-02-23"" ""192"" ""中度污染"" ""PM2.5""",
"天津市 ""2014-02-22"" ""200"" ""中度污染"" ""PM2.5""",
"天津市 ""2014-02-21"" ""200"" ""中度污染"" ""细颗粒物(PM2.5)""",
"天津市 ""2014-02-20"" ""125"" ""轻度污染"" ""细颗粒物(PM2.5)""",
"天津市 ""2014-02-19"" ""80"" ""良"" ""二氧化氮","细颗粒物(PM2.5)"""
"天津市 ""2014-02-18"" ""68"" ""良"" ""二氧化氮""",
"天津市 ""2014-02-17"" ""65"" ""良"" ""颗粒物(PM10)""",
"天津市 ""2014-02-16"" ""203"" ""重度污染"" ""细颗粒物(PM2.5)""",
"天津市 ""2014-02-15"" ""248"" ""重度污染"" ""PM2.5""",
"天津市 ""2014-02-14"" ""236"" ""重度污染"" ""PM2.5""",
"天津市 ""2014-02-13"" ""127"" ""轻度污染"" ""PM2.5""",
"天津市 ""2014-02-12"" ""193"" ""中度污染"" ""PM2.5""",
"天津市 ""2014-02-11"" ""87"" ""良"" ""PM2.5""",
"天津市 ""2014-02-10"" ""79"" ""良"" ""SO2""",
"天津市 ""2014-02-09"" ""51"" ""良"" ""SO2""",
"天津市 ""2014-02-08"" ""92"" ""良"" ""PM2.5""",
"天津市 ""2014-02-07"" ""74"" ""良"" ""PM2.5""",
"天津市 ""2014-02-06"" ""69"" ""良"" ""SO2""",
"天津市 ""2014-02-05"" ""77"" ""良"" ""SO2""",
"天津市 ""2014-02-04"" ""57"" ""良"" ""SO2""",
"天津市 ""2014-02-03"" ""56"" ""良"" ""PM10""",
"天津市 ""2014-02-02"" ""94"" ""良"" ""PM2.5""",
"天津市 ""2014-02-01"" ""77"" ""良"" ""PM2.5""",
"天津市 ""2014-01-31"" ""163"" ""中度污染"" ""PM2.5""",
"天津市 ""2014-01-30"" ""144"" ""轻度污染"" ""PM2.5""",
"天津市 ""2014-01-29"" ""118"" ""轻度污染"" ""PM2.5""",
"天津市 ""2014-01-28"" ""72"" ""良"" ""PM10""",
"天津市 ""2014-01-27"" ""140"" ""轻度污染"" ""PM2.5""",
"天津市 ""2014-01-26"" ""73"" ""良"" ""NO2""",
"天津市 ""2014-01-25"" ""103"" ""轻度污染"" ""PM2.5""",
"天津市 ""2014-01-24"" ""229"" ""重度污染"" ""PM2.5""",
"天津市 ""2014-01-23"" ""162"" ""中度污染"" ""PM2.5""",
"天津市 ""2014-01-22"" ""142"" ""轻度污染"" ""PM2.5""",
"天津市 ""2014-01-21"" ""58"" ""良"" ""SO2""",
"天津市 ""2014-01-20"" ""55"" ""良"" ""PM10""",
"天津市 ""2014-01-19"" ""245"" ""重度污染"" ""PM2.5""",
"天津市 ""2014-01-18"" ""233"" ""重度污染"" ""PM2.5""",
"天津市 ""2014-01-17"" ""132"" ""轻度污染"" ""PM2.5""",
"天津市 ""2014-01-16"" ""277"" ""重度污染"" ""PM2.5""",
"天津市 ""2014-01-15"" ""324"" ""严重污染"" ""PM2.5""",
"天津市 ""2014-01-14"" ""155"" ""中度污染"" ""PM2.5""",
"天津市 ""2014-01-13"" ""123"" ""轻度污染"" ""PM2.5""",
"天津市 ""2014-01-12"" ""152"" ""中度污染"" ""PM2.5""",
"天津市 ""2014-01-11"" ""362"" ""严重污染"" ""PM2.5""",
"天津市 ""2014-01-10"" ""209"" ""重度污染"" ""PM2.5""",
"天津市 ""2014-01-09"" ""75"" ""良"" ""PM10""",
"天津市 ""2014-01-08"" ""58"" ""良"" ""NO2""",
"天津市 ""2014-01-06"" ""144"" ""轻度污染"" ""PM2.5""",
"天津市 ""2014-01-05"" ""117"" ""轻度污染"" ""PM2.5""",
"天津市 ""2014-01-04"" ""91"" ""良"" ""SO2""",
"天津市 ""2014-01-03"" ""99"" ""良"" ""PM2.5""",
"天津市 ""2014-01-02"" ""152"" ""中度污染"" ""PM2.5""",
"天津市 ""2014-01-01"" ""130"" ""轻度污染"" ""PM10""",
"石家庄市 ""2015-05-04"" ""68"" ""良"" ""PM10""",
"石家庄市 ""2015-05-03"" ""93"" ""良"" ""PM2.5""",
"石家庄市 ""2015-05-02"" ""73"" ""良"" ""臭氧8小时""",
"石家庄市 ""2015-05-01"" ""103"" ""轻度污染"" ""PM2.5""",
"石家庄市 ""2015-04-30"" ""139"" ""轻度污染"" ""PM2.5""",
"石家庄市 ""2015-04-29"" ""140"" ""轻度污染"" ""PM2.5""",
"石家庄市 ""2015-04-28"" ""129"" ""轻度污染"" ""PM2.5""",
"石家庄市 ""2015-04-27"" ""94"" ""良"" ""PM10","PM2.5"""
"石家庄市 ""2015-04-26"" ""115"" ""轻度污染"" ""PM2.5""",
"石家庄市 ""2015-04-25"" ""121"" ""轻度污染"" ""PM10""",
"石家庄市 ""2015-04-24"" ""83"" ""良"" ""臭氧8小时""",
"石家庄市 ""2015-04-23"" ""83"" ""良"" ""PM10""",
"石家庄市 ""2015-04-22"" ""73"" ""良"" ""PM10""",
"石家庄市 ""2015-04-21"" ""92"" ""良"" ""PM10""",
"石家庄市 ""2015-04-20"" ""108"" ""轻度污染"" ""PM2.5""",
"石家庄市 ""2015-04-19"" ""122"" ""轻度污染"" ""PM2.5""",
"石家庄市 ""2015-04-17"" ""148"" ""轻度污染"" ""PM10""",
"石家庄市 ""2015-04-16"" ""123"" ""轻度污染"" ""PM10""",
"石家庄市 ""2015-04-15"" ""174"" ""中度污染"" ""PM10""",
"石家庄市 ""2015-04-14"" ""80"" ""良"" ""NO2""",
"石家庄市 ""2015-04-13"" ""56"" ""良"" ""臭氧8小时""",
"石家庄市 ""2015-04-12"" ""68"" ""良"" ""PM10""",
"石家庄市 ""2015-04-11"" ""130"" ""轻度污染"" ""PM2.5""",
"石家庄市 ""2015-04-10"" ""117"" ""轻度污染"" ""PM2.5""",
"石家庄市 ""2015-04-09"" ""200"" ""中度污染"" ""PM2.5""",
"石家庄市 ""2015-04-08"" ""137"" ""轻度污染"" ""PM2.5""",
"石家庄市 ""2015-04-07"" ""108"" ""轻度污染"" ""PM2.5""",
"石家庄市 ""2015-04-06"" ""48"" ""优"" """"",
"石家庄市 ""2015-04-05"" ""93"" ""良"" ""PM10","PM2.5"""
"石家庄市 ""2015-04-04"" ""120"" ""轻度污染"" ""PM2.5""",
"石家庄市 ""2015-04-03"" ""148"" ""轻度污染"" ""PM2.5""",
"石家庄市 ""2015-04-02"" ""77"" ""良"" ""PM2.5""",
"石家庄市 ""2015-04-01"" ""90"" ""良"" ""PM2.5""",
"石家庄市 ""2015-03-31"" ""204"" ""重度污染"" ""PM2.5""",
"石家庄市 ""2015-03-30"" ""162"" ""中度污染"" ""PM2.5""",
"石家庄市 ""2015-03-29"" ""140"" ""轻度污染"" ""PM10""",
"石家庄市 ""2015-03-28"" ""95"" ""良"" ""PM10""",
"石家庄市 ""2015-03-27"" ""105"" ""轻度污染"" ""PM2.5""",
"石家庄市 ""2015-03-26"" ""98"" ""良"" ""PM2.5""",
"石家庄市 ""2015-03-25"" ""169"" ""中度污染"" ""PM2.5""",
"石家庄市 ""2015-03-24"" ""123"" ""轻度污染"" ""PM10""",
"石家庄市 ""2015-03-23"" ""98"" ""良"" ""PM10""",
"石家庄市 ""2015-03-22"" ""119"" ""轻度污染"" ""PM10""",
"石家庄市 ""2015-03-21"" ""86"" ""良"" ""PM10""",
"石家庄市 ""2015-03-20"" ""116"" ""轻度污染"" ""PM10""",
"石家庄市 ""2015-03-19"" ""145"" ""轻度污染"" ""PM2.5""",
"石家庄市 ""2015-03-18"" ""82"" ""良"" ""PM10""",
"石家庄市 ""2015-03-17"" ""217"" ""重度污染"" ""PM2.5""",
"石家庄市 ""2015-03-16"" ""227"" ""重度污染"" ""PM2.5""",
"石家庄市 ""2015-03-15"" ""166"" ""中度污染"" ""PM2.5""",
"石家庄市 ""2015-03-14"" ""160"" ""中度污染"" ""PM2.5""",
"石家庄市 ""2015-03-13"" ""179"" ""中度污染"" ""PM2.5""",
"石家庄市 ""2015-03-12"" ""137"" ""轻度污染"" ""PM2.5""",
"石家庄市 ""2015-03-11"" ""99"" ""良"" ""PM2.5""",
"石家庄市 ""2015-03-10"" ""109"" ""轻度污染"" ""PM2.5""",
"石家庄市 ""2015-03-09"" ""74"" ""良"" ""PM2.5""",
"石家庄市 ""2015-03-08"" ""287"" ""重度污染"" ""PM2.5""",
"石家庄市 ""2015-03-07"" ""235"" ""重度污染"" ""PM2.5""",
"石家庄市 ""2015-03-06"" ""134"" ""轻度污染"" ""PM2.5""",
"石家庄市 ""2015-03-05"" ""97"" ""良"" ""PM2.5""",
"石家庄市 ""2015-03-04"" ""78"" ""良"" ""PM2.5""",
"石家庄市 ""2015-03-03"" ""57"" ""良"" ""PM10""",
"石家庄市 ""2015-03-02"" ""75"" ""良"" ""PM10","PM2.5"""
"石家庄市 ""2015-03-01"" ""48"" ""优"" """"",
"石家庄市 ""2015-02-28"" ""138"" ""轻度污染"" ""PM2.5""",
"石家庄市 ""2015-02-27"" ""78"" ""良"" ""PM2.5""",
"石家庄市 ""2015-02-26"" ""65"" ""良"" ""PM2.5""",
"石家庄市 ""2015-02-25"" ""182"" ""中度污染"" ""PM2.5""",
"石家庄市 ""2015-02-24"" ""211"" ""重度污染"" ""PM2.5""",
"石家庄市 ""2015-02-23"" ""97"" ""良"" ""PM2.5""",
"石家庄市 ""2015-02-22"" ""67"" ""良"" ""PM10""",
"石家庄市 ""2015-02-21"" ""192"" ""中度污染"" ""PM2.5""",
"石家庄市 ""2015-02-20"" ""241"" ""重度污染"" ""PM2.5""",
"石家庄市 ""2015-02-19"" ""283"" ""重度污染"" ""PM2.5""",
"石家庄市 ""2015-02-18"" ""138"" ""轻度污染"" ""PM2.5""",
"石家庄市 ""2015-02-17"" ""112"" ""轻度污染"" ""PM2.5""",
"石家庄市 ""2015-02-16"" ""129"" ""轻度污染"" ""PM2.5""",
"石家庄市 ""2015-02-15"" ""212"" ""重度污染"" ""PM2.5""",
"石家庄市 ""2015-02-14"" ""217"" ""重度污染"" ""PM2.5""",
"石家庄市 ""2015-02-13"" ""186"" ""中度污染"" ""PM2.5""",
"石家庄市 ""2015-02-12"" ""166"" ""中度污染"" ""PM2.5""",
"石家庄市 ""2015-02-11"" ""109"" ""轻度污染"" ""PM2.5""",
"石家庄市 ""2015-02-10"" ""134"" ""轻度污染"" ""PM2.5""",
"石家庄市 ""2015-02-09"" ""142"" ""轻度污染"" ""PM2.5""",
"石家庄市 ""2015-02-08"" ""74"" ""良"" ""PM10""",
"石家庄市 ""2015-02-07"" ""69"" ""良"" ""PM10""",
"石家庄市 ""2015-02-06"" ""169"" ""中度污染"" ""PM2.5""",
"石家庄市 ""2015-02-05"" ""66"" ""良"" ""PM10""",
"石家庄市 ""2015-02-04"" ""48"" ""优"" """"",
"石家庄市 ""2015-02-03"" ""234"" ""重度污染"" ""PM2.5""",
"石家庄市 ""2015-02-02"" ""260"" ""重度污染"" ""PM2.5""",
"石家庄市 ""2015-02-01"" ""218"" ""重度污染"" ""PM2.5""",
"石家庄市 ""2015-01-31"" ""162"" ""中度污染"" ""PM2.5""",
"石家庄市 ""2015-01-30"" ""99"" ""良"" ""PM2.5""",
"石家庄市 ""2015-01-29"" ""173"" ""中度污染"" ""PM2.5""",
"石家庄市 ""2015-01-28"" ""120"" ""轻度污染"" ""PM2.5""",
"石家庄市 ""2015-01-27"" ""68"" ""良"" ""PM2.5""",
"石家庄市 ""2015-01-26"" ""250"" ""重度污染"" ""PM2.5""",
"石家庄市 ""2015-01-25"" ""125"" ""轻度污染"" ""PM2.5""",
"石家庄市 ""2015-01-24"" ""223"" ""重度污染"" ""PM2.5""",
"石家庄市 ""2015-01-23"" ""223"" ""重度污染"" ""PM2.5""",
"石家庄市 ""2015-01-22"" ""162"" ""中度污染"" ""PM2.5""",
"石家庄市 ""2015-01-21"" ""94"" ""良"" ""PM2.5""",
"石家庄市 ""2015-01-20"" ""158"" ""中度污染"" ""PM2.5""",
"石家庄市 ""2015-01-19"" ""99"" ""良"" ""NO2""",
"石家庄市 ""2015-01-18"" ""102"" ""轻度污染"" ""PM10""",
"石家庄市 ""2015-01-17"" ""114"" ""轻度污染"" ""PM2.5""",
"石家庄市 ""2015-01-16"" ""200"" ""中度污染"" ""PM2.5""",
"石家庄市 ""2015-01-15"" ""377"" ""严重污染"" ""PM2.5""",
"石家庄市 ""2015-01-14"" ""254"" ""重度污染"" ""PM2.5""",
"石家庄市 ""2015-01-13"" ""253"" ""重度污染"" ""PM2.5""",
"石家庄市 ""2015-01-12"" ""137"" ""轻度污染"" ""PM2.5""",
"石家庄市 ""2015-01-11"" ""122"" ""轻度污染"" ""PM2.5""",
"石家庄市 ""2015-01-10"" ""247"" ""重度污染"" ""PM2.5""",
"石家庄市 ""2015-01-09"" ""267"" ""重度污染"" ""PM2.5""",
"石家庄市 ""2015-01-08"" ""226"" ""重度污染"" ""PM2.5""",
"石家庄市 ""2015-01-07"" ""198"" ""中度污染"" ""PM2.5""",
"石家庄市 ""2015-01-06"" ""79"" ""良"" ""PM10""",
"石家庄市 ""2015-01-05"" ""333"" ""严重污染"" ""PM2.5""",
"石家庄市 ""2015-01-04"" ""487"" ""严重污染"" ""PM10""",
"石家庄市 ""2015-01-03"" ""310"" ""严重污染"" ""PM2.5""",
"石家庄市 ""2015-01-02"" ""190"" ""中度污染"" ""PM2.5""",
"石家庄市 ""2015-01-01"" ""120"" ""轻度污染"" ""PM2.5""",
"石家庄市 ""2014-12-31"" ""79"" ""良"" ""PM10""",
"石家庄市 ""2014-12-30"" ""150"" ""轻度污染"" ""PM2.5""",
"石家庄市 ""2014-12-29"" ""158"" ""中度污染"" ""PM2.5""",
"石家庄市 ""2014-12-28"" ""189"" ""中度污染"" ""PM2.5""",
"石家庄市 ""2014-12-27"" ""418"" ""严重污染"" ""PM10""",
"石家庄市 ""2014-12-26"" ""301"" ""严重污染"" ""PM2.5""",
"石家庄市 ""2014-12-25"" ""159"" ""中度污染"" ""PM2.5""",
"石家庄市 ""2014-12-24"" ""185"" ""中度污染"" ""PM2.5""",
"石家庄市 ""2014-12-23"" ""296"" ""重度污染"" ""PM2.5""",
"石家庄市 ""2014-12-22"" ""85"" ""良"" ""SO2""",
"石家庄市 ""2014-12-21"" ""73"" ""良"" ""PM10""",
"石家庄市 ""2014-12-20"" ""79"" ""良"" ""PM2.5""",
"石家庄市 ""2014-12-19"" ""219"" ""重度污染"" ""PM2.5""",
"石家庄市 ""2014-12-18"" ""295"" ""重度污染"" ""PM2.5""",
"石家庄市 ""2014-12-17"" ""94"" ""良"" ""PM2.5""",
"石家庄市 ""2014-12-16"" ""67"" ""良"" ""PM10""",
"石家庄市 ""2014-12-15"" ""134"" ""轻度污染"" ""PM10""",
"石家庄市 ""2014-12-14"" ""200"" ""中度污染"" ""PM2.5""",
"石家庄市 ""2014-12-13"" ""109"" ""轻度污染"" ""PM2.5""",
"石家庄市 ""2014-12-12"" ""77"" ""良"" ""PM10""",
"石家庄市 ""2014-12-11"" ""100"" ""良"" ""PM10""",
"石家庄市 ""2014-12-10"" ""228"" ""重度污染"" ""PM2.5""",
"石家庄市 ""2014-12-09"" ""308"" ""严重污染"" ""PM2.5""",
"石家庄市 ""2014-12-08"" ""206"" ""重度污染"" ""PM2.5""",
"石家庄市 ""2014-12-07"" ""183"" ""中度污染"" ""PM2.5""",
"石家庄市 ""2014-12-06"" ""225"" ""重度污染"" ""PM2.5""",
"石家庄市 ""2014-12-05"" ""120"" ""轻度污染"" ""PM2.5""",
"石家庄市 ""2014-12-04"" ""65"" ""良"" ""PM10""",
"石家庄市 ""2014-12-03"" ""122"" ""轻度污染"" ""PM2.5""",
"石家庄市 ""2014-12-02"" ""127"" ""轻度污染"" ""PM2.5""",
"石家庄市 ""2014-12-01"" ""62"" ""良"" ""PM10""",
"石家庄市 ""2014-11-29"" ""212"" ""重度污染"" ""PM2.5""",
"石家庄市 ""2014-11-28"" ""123"" ""轻度污染"" ""PM2.5""",
"石家庄市 ""2014-11-27"" ""242"" ""重度污染"" ""PM2.5""",
"石家庄市 ""2014-11-26"" ""357"" ""严重污染"" ""PM2.5""",
"石家庄市 ""2014-11-25"" ""244"" ""重度污染"" ""PM2.5""",
"石家庄市 ""2014-11-24"" ""163"" ""中度污染"" ""PM2.5""",
"石家庄市 ""2014-11-23"" ""168"" ""中度污染"" ""PM2.5""",
"石家庄市 ""2014-11-22"" ""260"" ""重度污染"" ""PM2.5""",
"石家庄市 ""2014-11-20"" ""415"" ""严重污染"" ""PM2.5""",
"石家庄市 ""2014-11-19"" ""275"" ""重度污染"" ""PM2.5""",
"石家庄市 ""2014-11-18"" ""133"" ""轻度污染"" ""PM2.5""",
"石家庄市 ""2014-11-17"" ""68"" ""良"" ""PM10""",
"石家庄市 ""2014-11-16"" ""92"" ""良"" ""PM2.5""",
"石家庄市 ""2014-11-15"" ""138"" ""轻度污染"" ""PM2.5""",
"石家庄市 ""2014-11-14"" ""75"" ""良"" ""PM10""",
"石家庄市 ""2014-11-13"" ""60"" ""良"" ""PM10""",
"石家庄市 ""2014-11-12"" ""46"" ""优"" """"",
"石家庄市 ""2014-11-11"" ""89"" ""良"" ""PM2.5""",
"石家庄市 ""2014-11-10"" ""159"" ""中度污染"" ""PM2.5""",
"石家庄市 ""2014-11-09"" ""137"" ""轻度污染"" ""PM2.5""",
"石家庄市 ""2014-11-08"" ""97"" ""良"" ""PM2.5""",
"石家庄市 ""2014-11-07"" ""56"" ""良"" ""PM10""",
"石家庄市 ""2014-11-06"" ""61"" ""良"" ""PM10""",
"石家庄市 ""2014-11-05"" ""91"" ""良"" ""PM10""",
"石家庄市 ""2014-11-04"" ""67"" ""良"" ""PM10""",
"石家庄市 ""2014-11-03"" ""67"" ""良"" ""PM10""",
"石家庄市 ""2014-11-02"" ""59"" ""良"" ""PM10""",
"石家庄市 ""2014-11-01"" ""133"" ""轻度污染"" ""PM2.5""",
"石家庄市 ""2014-10-31"" ""284"" ""重度污染"" ""PM2.5""",
"石家庄市 ""2014-10-30"" ""250"" ""重度污染"" ""PM2.5""",
"石家庄市 ""2014-10-29"" ""216"" ""重度污染"" ""PM2.5""",
"石家庄市 ""2014-10-28"" ""105"" ""轻度污染"" ""PM10""",
"石家庄市 ""2014-10-27"" ""69"" ""良"" ""PM10""",
"石家庄市 ""2014-10-26"" ""149"" ""轻度污染"" ""PM2.5""",
"石家庄市 ""2014-10-25"" ""400"" ""严重污染"" ""PM10""",
"石家庄市 ""2014-10-24"" ""471"" ""严重污染"" ""PM10""",
"石家庄市 ""2014-10-23"" ""323"" ""严重污染"" ""PM2.5""",
"石家庄市 ""2014-10-22"" ""118"" ""轻度污染"" ""PM2.5""",
"石家庄市 ""2014-10-21"" ""98"" ""良"" ""PM2.5""",
"石家庄市 ""2014-10-20"" ""294"" ""重度污染"" ""PM2.5""",
"石家庄市 ""2014-10-19"" ""262"" ""重度污染"" ""PM2.5""",
"石家庄市 ""2014-10-18"" ""145"" ""轻度污染"" ""PM10""",
"石家庄市 ""2014-10-17"" ""125"" ""轻度污染"" ""PM10""",
"石家庄市 ""2014-10-16"" ""79"" ""良"" ""PM10""",
"石家庄市 ""2014-10-15"" ""72"" ""良"" ""PM10""",
"石家庄市 ""2014-10-14"" ""86"" ""良"" ""PM10""",
"石家庄市 ""2014-10-13"" ""49"" ""优"" """"",
"石家庄市 ""2014-10-12"" ""34"" ""优"" """"",
"石家庄市 ""2014-10-11"" ""294"" ""重度污染"" ""PM2.5""",
"石家庄市 ""2014-10-10"" ""336"" ""严重污染"" ""PM2.5""",
"石家庄市 ""2014-10-09"" ""436"" ""严重污染"" ""PM2.5""",
"石家庄市 ""2014-10-08"" ""355"" ""严重污染"" ""PM2.5""",
"石家庄市 ""2014-10-07"" ""267"" ""重度污染"" ""PM2.5""",
"石家庄市 ""2014-10-06"" ""81"" ""良"" ""PM10""",
"石家庄市 ""2014-10-05"" ""95"" ""良"" ""PM2.5""",
"石家庄市 ""2014-10-04"" ""166"" ""中度污染"" ""PM2.5""",
"石家庄市 ""2014-10-03"" ""183"" ""中度污染"" ""PM2.5""",
"石家庄市 ""2014-10-02"" ""193"" ""中度污染"" ""PM2.5""",
"石家庄市 ""2014-10-01"" ""117"" ""轻度污染"" ""PM2.5""",
"石家庄市 ""2014-09-30"" ""54"" ""良"" ""PM10""",
"石家庄市 ""2014-09-29"" ""103"" ""轻度污染"" ""PM2.5""",
"石家庄市 ""2014-09-28"" ""130"" ""轻度污染"" ""PM2.5""",
"石家庄市 ""2014-09-27"" ""119"" ""轻度污染"" ""PM2.5""",
"石家庄市 ""2014-09-26"" ""159"" ""中度污染"" ""PM2.5""",
"石家庄市 ""2014-09-25"" ""124"" ""轻度污染"" ""PM2.5""",
"石家庄市 ""2014-09-24"" ""120"" ""轻度污染"" ""PM2.5""",
"石家庄市 ""2014-09-23"" ""122"" ""轻度污染"" ""PM2.5""",
"石家庄市 ""2014-09-22"" ""159"" ""中度污染"" ""PM2.5""",
"石家庄市 ""2014-09-21"" ""188"" ""中度污染"" ""PM2.5""",
"石家庄市 ""2014-09-20"" ""163"" ""中度污染"" ""PM2.5""",
"石家庄市 ""2014-09-19"" ""95"" ""良"" ""PM2.5""",
"石家庄市 ""2014-09-18"" ""58"" ""良"" ""PM10""",
"石家庄市 ""2014-09-17"" ""40"" ""优"" """"",
"石家庄市 ""2014-09-16"" ""66"" ""良"" ""PM10""",
"石家庄市 ""2014-09-15"" ""56"" ""良"" ""PM10""",
"石家庄市 ""2014-09-14"" ""89"" ""良"" ""PM2.5""",
"石家庄市 ""2014-09-13"" ""70"" ""良"" ""PM2.5""",
"石家庄市 ""2014-09-12"" ""39"" ""优"" """"",
"石家庄市 ""2014-09-11"" ""119"" ""轻度污染"" ""PM2.5""",
"石家庄市 ""2014-09-10"" ""99"" ""良"" ""PM2.5""",
"石家庄市 ""2014-09-09"" ""80"" ""良"" ""PM10""",
"石家庄市 ""2014-09-08"" ""84"" ""良"" ""PM2.5""",
"石家庄市 ""2014-09-07"" ""142"" ""轻度污染"" ""PM2.5""",
"石家庄市 ""2014-09-06"" ""127"" ""轻度污染"" ""PM2.5""",
"石家庄市 ""2014-09-05"" ""94"" ""良"" ""臭氧8小时""",
"石家庄市 ""2014-09-04"" ""77"" ""良"" ""臭氧8小时""",
"石家庄市 ""2014-09-03"" ""35"" ""优"" """"",
"石家庄市 ""2014-09-02"" ""50"" ""优"" """"",
"石家庄市 ""2014-09-01"" ""143"" ""轻度污染"" ""PM2.5""",
"石家庄市 ""2014-08-31"" ""109"" ""轻度污染"" ""PM2.5""",
"石家庄市 ""2014-08-30"" ""119"" ""轻度污染"" ""PM2.5""",
"石家庄市 ""2014-08-29"" ""79"" ""良"" ""PM2.5""",
"石家庄市 ""2014-08-28"" ""106"" ""轻度污染"" ""臭氧8小时""",
"石家庄市 ""2014-08-27"" ""130"" ""轻度污染"" ""PM2.5""",
"石家庄市 ""2014-08-26"" ""102"" ""轻度污染"" ""臭氧8小时""",
"石家庄市 ""2014-08-25"" ""75"" ""良"" ""臭氧8小时""",
"石家庄市 ""2014-08-24"" ""52"" ""良"" ""PM10""",
"石家庄市 ""2014-08-23"" ""118"" ""轻度污染"" ""PM2.5""",
"石家庄市 ""2014-08-22"" ""113"" ""轻度污染"" ""PM2.5""",
"石家庄市 ""2014-08-21"" ""144"" ""轻度污染"" ""PM2.5""",
"石家庄市 ""2014-08-20"" ""114"" ""轻度污染"" ""PM2.5""",
"石家庄市 ""2014-08-19"" ""89"" ""良"" ""臭氧8小时""",
"石家庄市 ""2014-08-18"" ""114"" ""轻度污染"" ""PM2.5""",
"石家庄市 ""2014-08-17"" ""79"" ""良"" ""PM2.5""",
"石家庄市 ""2014-08-16"" ""98"" ""良"" ""PM10","PM2.5"""
"石家庄市 ""2014-08-15"" ""62"" ""良"" ""臭氧8小时""",
"石家庄市 ""2014-08-14"" ""60"" ""良"" ""PM10""",
"石家庄市 ""2014-08-13"" ""56"" ""良"" ""PM10""",
"石家庄市 ""2014-08-12"" ""78"" ""良"" ""PM10""",
"石家庄市 ""2014-08-11"" ""82"" ""良"" ""PM10""",
"石家庄市 ""2014-08-10"" ""134"" ""轻度污染"" ""PM2.5""",
"石家庄市 ""2014-08-09"" ""95"" ""良"" ""PM2.5""",
"石家庄市 ""2014-08-08"" ""109"" ""轻度污染"" ""PM2.5""",
"石家庄市 ""2014-08-07"" ""71"" ""良"" ""臭氧8小时""",
"石家庄市 ""2014-08-06"" ""29"" ""优"" """"",
"石家庄市 ""2014-08-05"" ""37"" ""优"" """"",
"石家庄市 ""2014-08-04"" ""156"" ""中度污染"" ""PM2.5""",
"石家庄市 ""2014-08-03"" ""202"" ""重度污染"" ""PM2.5""",
"石家庄市 ""2014-08-02"" ""189"" ""中度污染"" ""PM2.5""",
"石家庄市 ""2014-08-01"" ""185"" ""中度污染"" ""PM2.5""",
"石家庄市 ""2014-07-31"" ""162"" ""中度污染"" ""PM2.5""",
"石家庄市 ""2014-07-30"" ""120"" ""轻度污染"" ""PM2.5""",
"石家庄市 ""2014-07-29"" ""142"" ""轻度污染"" ""PM2.5""",
"石家庄市 ""2014-07-28"" ""135"" ""轻度污染"" ""PM2.5""",
"石家庄市 ""2014-07-27"" ""140"" ""轻度污染"" ""PM2.5""",
"石家庄市 ""2014-07-26"" ""138"" ""轻度污染"" ""PM2.5""",
"石家庄市 ""2014-07-25"" ""116"" ""轻度污染"" ""臭氧8小时""",
"石家庄市 ""2014-07-24"" ""68"" ""良"" ""NO2""",
"石家庄市 ""2014-07-23"" ""60"" ""良"" ""NO2""",
"石家庄市 ""2014-07-22"" ""57"" ""良"" ""PM10""",
"石家庄市 ""2014-07-21"" ""112"" ""轻度污染"" ""PM2.5""",
"石家庄市 ""2014-07-20"" ""98"" ""良"" ""PM2.5""",
"石家庄市 ""2014-07-19"" ""109"" ""轻度污染"" ""PM2.5""",
"石家庄市 ""2014-07-18"" ""170"" ""中度污染"" ""PM2.5""",
"石家庄市 ""2014-07-17"" ""152"" ""中度污染"" ""PM2.5""",
"石家庄市 ""2014-07-16"" ""142"" ""轻度污染"" ""臭氧8小时""",
"石家庄市 ""2014-07-15"" ""119"" ""轻度污染"" ""臭氧8小时""",
"石家庄市 ""2014-07-14"" ""107"" ""轻度污染"" ""臭氧8小时""",
"石家庄市 ""2014-07-13"" ""91"" ""良"" ""臭氧8小时""",
"石家庄市 ""2014-07-12"" ""73"" ""良"" ""PM10""",
"石家庄市 ""2014-07-11"" ""129"" ""轻度污染"" ""PM2.5""",
"石家庄市 ""2014-07-10"" ""73"" ""良"" ""PM2.5""",
"石家庄市 ""2014-07-09"" ""56"" ""良"" ""臭氧8小时""",
"石家庄市 ""2014-07-08"" ""246"" ""重度污染"" ""PM2.5""",
"石家庄市 ""2014-07-07"" ""241"" ""重度污染"" ""PM2.5""",
"石家庄市 ""2014-07-06"" ""213"" ""重度污染"" ""PM2.5""",
"石家庄市 ""2014-07-05"" ""125"" ""轻度污染"" ""PM2.5""",
"石家庄市 ""2014-07-04"" ""100"" ""良"" ""PM2.5""",
"石家庄市 ""2014-07-03"" ""256"" ""重度污染"" ""PM2.5""",
"石家庄市 ""2014-07-02"" ""168"" ""中度污染"" ""PM2.5""",
"石家庄市 ""2014-07-01"" ""156"" ""中度污染"" ""PM2.5""",
"石家庄市 ""2014-06-30"" ""112"" ""轻度污染"" ""臭氧8小时""",
"石家庄市 ""2014-06-29"" ""94"" ""良"" ""PM10""",
"石家庄市 ""2014-06-28"" ""77"" ""良"" ""PM10""",
"石家庄市 ""2014-06-27"" ""94"" ""良"" ""臭氧8小时""",
"石家庄市 ""2014-06-26"" ""188"" ""中度污染"" ""PM2.5""",
"石家庄市 ""2014-06-25"" ""185"" ""中度污染"" ""PM2.5""",
"石家庄市 ""2014-06-24"" ""147"" ""轻度污染"" ""PM2.5""",
"石家庄市 ""2014-06-23"" ""118"" ""轻度污染"" ""臭氧8小时""",
"石家庄市 ""2014-06-22"" ""115"" ""轻度污染"" ""PM2.5""",
"石家庄市 ""2014-06-21"" ""104"" ""轻度污染"" ""PM2.5""",
"石家庄市 ""2014-06-20"" ""76"" ""良"" ""臭氧8小时""",
"石家庄市 ""2014-06-19"" ""193"" ""中度污染"" ""PM2.5""",
"石家庄市 ""2014-06-18"" ""209"" ""重度污染"" ""PM2.5""",
"石家庄市 ""2014-06-17"" ""222"" ""重度污染"" ""PM2.5""",
"石家庄市 ""2014-06-16"" ""208"" ""重度污染"" ""PM2.5""",
"石家庄市 ""2014-06-15"" ""139"" ""轻度污染"" ""PM2.5""",
"石家庄市 ""2014-06-14"" ""147"" ""轻度污染"" ""臭氧8小时""",
"石家庄市 ""2014-06-13"" ""185"" ""中度污染"" ""臭氧8小时""",
"石家庄市 ""2014-06-12"" ""111"" ""轻度污染"" ""臭氧8小时""",
"石家庄市 ""2014-06-11"" ""98"" ""良"" ""臭氧8小时""",
"石家庄市 ""2014-06-10"" ""105"" ""轻度污染"" ""PM10""",
"石家庄市 ""2014-06-09"" ""82"" ""良"" ""PM10""",
"石家庄市 ""2014-06-08"" ""88"" ""良"" ""PM10""",
"石家庄市 ""2014-06-07"" ""74"" ""良"" ""臭氧8小时""",
"石家庄市 ""2014-06-06"" ""124"" ""轻度污染"" ""PM2.5""",
"石家庄市 ""2014-06-05"" ""144"" ""轻度污染"" ""臭氧8小时""",
"石家庄市 ""2014-06-04"" ""101"" ""轻度污染"" ""臭氧8小时""",
"石家庄市 ""2014-06-03"" ""97"" ""良"" ""臭氧8小时""",
"石家庄市 ""2014-06-02"" ""63"" ""良"" ""PM10""",
"石家庄市 ""2014-06-01"" ""123"" ""轻度污染"" ""PM2.5""",
"石家庄市 ""2014-05-31"" ""209"" ""重度污染"" ""PM2.5""",
"石家庄市 ""2014-05-30"" ""188"" ""中度污染"" ""臭氧8小时""",
"石家庄市 ""2014-05-29"" ""124"" ""轻度污染"" ""臭氧8小时""",
"石家庄市 ""2014-05-28"" ""112"" ""轻度污染"" ""PM10""",
"石家庄市 ""2014-05-27"" ""119"" ""轻度污染"" ""PM10""",
"石家庄市 ""2014-05-26"" ""81"" ""良"" ""PM10""",
"石家庄市 ""2014-05-25"" ""130"" ""轻度污染"" ""PM10""",
"石家庄市 ""2014-05-24"" ""149"" ""轻度污染"" ""PM2.5""",
"石家庄市 ""2014-05-23"" ""124"" ""轻度污染"" ""PM10""",
"石家庄市 ""2014-05-22"" ""144"" ""轻度污染"" ""PM10""",
"石家庄市 ""2014-05-21"" ""168"" ""中度污染"" ""PM2.5""",
"石家庄市 ""2014-05-20"" ""173"" ""中度污染"" ""PM10""",
"石家庄市 ""2014-05-19"" ""169"" ""中度污染"" ""PM10""",
"石家庄市 ""2014-05-18"" ""152"" ""中度污染"" ""PM2.5""",
"石家庄市 ""2014-05-17"" ""117"" ""轻度污染"" ""PM10""",
"石家庄市 ""2014-05-16"" ""115"" ""轻度污染"" ""PM10""",
"石家庄市 ""2014-05-15"" ""110"" ""轻度污染"" ""PM10""",
"石家庄市 ""2014-05-14"" ""90"" ""良"" ""PM10""",
"石家庄市 ""2014-05-13"" ""135"" ""轻度污染"" ""PM10""",
"石家庄市 ""2014-05-12"" ""81"" ""良"" ""PM10""",
"石家庄市 ""2014-05-11"" ""54"" ""良"" ""PM2.5""",
"石家庄市 ""2014-05-10"" ""97"" ""良"" ""PM2.5""",
"石家庄市 ""2014-05-09"" ""133"" ""轻度污染"" ""PM2.5""",
"石家庄市 ""2014-05-08"" ""128"" ""轻度污染"" ""PM2.5""",
"石家庄市 ""2014-05-07"" ""128"" ""轻度污染"" ""PM2.5""",
"石家庄市 ""2014-05-06"" ""133"" ""轻度污染"" ""PM10""",
"石家庄市 ""2014-05-05"" ""74"" ""良"" ""PM10""",
"石家庄市 ""2014-05-04"" ""59"" ""良"" ""PM10""",
"石家庄市 ""2014-05-03"" ""105"" ""轻度污染"" ""PM10""",
"石家庄市 ""2014-05-02"" ""69"" ""良"" ""PM10""",
"石家庄市 ""2014-05-01"" ""226"" ""重度污染"" ""PM2.5""",
"石家庄市 ""2014-04-30"" ""175"" ""中度污染"" ""PM2.5""",
"石家庄市 ""2014-04-29"" ""119"" ""轻度污染"" ""PM10""",
"石家庄市 ""2014-04-28"" ""105"" ""轻度污染"" ""PM2.5""",
"石家庄市 ""2014-04-27"" ""114"" ""轻度污染"" ""PM10""",
"石家庄市 ""2014-04-26"" ""96"" ""良"" ""PM10""",
"石家庄市 ""2014-04-25"" ""158"" ""中度污染"" ""PM2.5""",
"石家庄市 ""2014-04-24"" ""159"" ""中度污染"" ""PM2.5""",
"石家庄市 ""2014-04-23"" ""158"" ""中度污染"" ""PM2.5""",
"石家庄市 ""2014-04-22"" ""128"" ""轻度污染"" ""PM2.5""",
"石家庄市 ""2014-04-21"" ""226"" ""重度污染"" ""PM2.5""",
"石家庄市 ""2014-04-20"" ""212"" ""重度污染"" ""PM2.5""",
"石家庄市 ""2014-04-19"" ""168"" ""中度污染"" ""PM2.5""",
"石家庄市 ""2014-04-18"" ""211"" ""重度污染"" ""PM2.5""",
"石家庄市 ""2014-04-17"" ""112"" ""轻度污染"" ""PM2.5""",
"石家庄市 ""2014-04-16"" ""80"" ""良"" ""PM10""",
"石家庄市 ""2014-04-15"" ""103"" ""轻度污染"" ""PM2.5""",
"石家庄市 ""2014-04-14"" ""168"" ""中度污染"" ""PM2.5""",
"石家庄市 ""2014-04-13"" ""214"" ""重度污染"" ""PM2.5""",
"石家庄市 ""2014-04-12"" ""148"" ""轻度污染"" ""PM2.5""",
"石家庄市 ""2014-04-11"" ""105"" ""轻度污染"" ""PM10""",
"石家庄市 ""2014-04-10"" ""161"" ""中度污染"" ""PM10""",
"石家庄市 ""2014-04-09"" ""219"" ""重度污染"" ""PM2.5""",
"石家庄市 ""2014-04-08"" ""225"" ""重度污染"" ""PM2.5""",
"石家庄市 ""2014-04-07"" ""186"" ""中度污染"" ""PM2.5""",
"石家庄市 ""2014-04-06"" ""158"" ""中度污染"" ""PM10""",
"石家庄市 ""2014-04-05"" ""107"" ""轻度污染"" ""PM10""",
"石家庄市 ""2014-04-04"" ""143"" ""轻度污染"" ""PM10""",
"石家庄市 ""2014-04-03"" ""86"" ""良"" ""PM10""",
"石家庄市 ""2014-04-02"" ""223"" ""重度污染"" ""PM2.5""",
"石家庄市 ""2014-04-01"" ""124"" ""轻度污染"" ""PM2.5""",
"石家庄市 ""2014-03-31"" ""99"" ""良"" ""PM10","PM2.5"""
"石家庄市 ""2014-03-30"" ""176"" ""中度污染"" ""PM2.5""",
"石家庄市 ""2014-03-29"" ""176"" ""中度污染"" ""PM2.5""",
"石家庄市 ""2014-03-28"" ""248"" ""重度污染"" ""PM2.5""",
"石家庄市 ""2014-03-27"" ""323"" ""严重污染"" ""PM2.5""",
"石家庄市 ""2014-03-26"" ""266"" ""重度污染"" ""PM2.5""",
"石家庄市 ""2014-03-26"" ""266"" ""重度污染"" ""PM2.5""",
"石家庄市 ""2014-03-25"" ""210"" ""重度污染"" ""PM2.5""",
"石家庄市 ""2014-03-24"" ""159"" ""中度污染"" ""PM2.5""",
"石家庄市 ""2014-03-23"" ""145"" ""轻度污染"" ""PM2.5""",
"石家庄市 ""2014-03-22"" ""125"" ""轻度污染"" ""PM10""",
"石家庄市 ""2014-03-21"" ""95"" ""良"" ""PM10""",
"石家庄市 ""2014-03-20"" ""71"" ""良"" ""PM10""",
"石家庄市 ""2014-03-19"" ""104"" ""轻度污染"" ""PM2.5""",
"石家庄市 ""2014-03-18"" ""290"" ""重度污染"" ""PM10""",
"石家庄市 ""2014-03-17"" ""409"" ""严重污染"" ""PM10""",
"石家庄市 ""2014-03-16"" ""226"" ""重度污染"" ""PM2.5""",
"石家庄市 ""2014-03-15"" ""116"" ""轻度污染"" ""PM10""",
"石家庄市 ""2014-03-14"" ""105"" ""轻度污染"" ""PM10""",
"石家庄市 ""2014-03-13"" ""94"" ""良"" ""PM10""",
"石家庄市 ""2014-03-12"" ""90"" ""良"" ""PM10""",
"石家庄市 ""2014-03-11"" ""325"" ""严重污染"" ""PM2.5""",
"石家庄市 ""2014-03-10"" ""246"" ""重度污染"" ""PM2.5""",
"石家庄市 ""2014-03-09"" ""252"" ""重度污染"" ""PM2.5""",
"石家庄市 ""2014-03-08"" ""274"" ""重度污染"" ""PM2.5""",
"石家庄市 ""2014-03-07"" ""188"" ""中度污染"" ""PM2.5""",
"石家庄市 ""2014-03-06"" ""98"" ""良"" ""PM10""",
"石家庄市 ""2014-03-05"" ""77"" ""良"" ""PM10""",
"石家庄市 ""2014-03-04"" ""229"" ""重度污染"" ""PM2.5""",
"石家庄市 ""2014-03-03"" ""349"" ""严重污染"" ""PM2.5""",
"石家庄市 ""2014-03-02"" ""196"" ""中度污染"" ""PM2.5""",
"石家庄市 ""2014-03-01"" ""160"" ""中度污染"" ""PM2.5""",
"石家庄市 ""2014-02-28"" ""113"" ""轻度污染"" ""PM2.5""",
"石家庄市 ""2014-02-27"" ""145"" ""轻度污染"" ""PM2.5""",
"石家庄市 ""2014-02-26"" ""500"" ""严重污染"" ""PM10""",
"石家庄市 ""2014-02-25"" ""500"" ""严重污染"" ""PM10""",
"石家庄市 ""2014-02-24"" ""346"" ""严重污染"" ""PM2.5""",
"石家庄市 ""2014-02-23"" ""398"" ""严重污染"" ""PM2.5""",
"石家庄市 ""2014-02-22"" ""388"" ""严重污染"" ""PM2.5""",
"石家庄市 ""2014-02-21"" ""388"" ""严重污染"" ""细颗粒物(PM2.5)""",
"石家庄市 ""2014-02-20"" ""292"" ""重度污染"" ""细颗粒物(PM2.5)""",
"石家庄市 ""2014-02-19"" ""217"" ""重度污染"" ""细颗粒物(PM2.5)""",
"石家庄市 ""2014-02-18"" ""125"" ""轻度污染"" ""细颗粒物(PM2.5)""",
"石家庄市 ""2014-02-17"" ""216"" ""重度污染"" ""细颗粒物(PM2.5)""",
"石家庄市 ""2014-02-16"" ""500"" ""严重污染"" ""颗粒物(PM10)""",
"石家庄市 ""2014-02-15"" ""500"" ""严重污染"" ""PM10""",
"石家庄市 ""2014-02-14"" ""478"" ""严重污染"" ""PM10""",
"石家庄市 ""2014-02-13"" ""415"" ""严重污染"" ""PM10""",
"石家庄市 ""2014-02-12"" ""417"" ""严重污染"" ""PM10""",
"石家庄市 ""2014-02-11"" ""204"" ""重度污染"" ""PM2.5""",
"石家庄市 ""2014-02-10"" ""64"" ""良"" ""PM10""",
"石家庄市 ""2014-02-09"" ""43"" ""优"" """"",
"石家庄市 ""2014-02-08"" ""153"" ""中度污染"" ""PM2.5""",
"石家庄市 ""2014-02-07"" ""147"" ""轻度污染"" ""PM2.5""",
"石家庄市 ""2014-02-06"" ""133"" ""轻度污染"" ""PM2.5""",
"石家庄市 ""2014-02-05"" ""118"" ""轻度污染"" ""PM2.5""",
"石家庄市 ""2014-02-04"" ""112"" ""轻度污染"" ""PM10""",
"石家庄市 ""2014-02-03"" ""107"" ""轻度污染"" ""PM10""",
"石家庄市 ""2014-02-02"" ""295"" ""重度污染"" ""PM10""",
"石家庄市 ""2014-02-01"" ""220"" ""重度污染"" ""PM2.5""",
"石家庄市 ""2014-01-31"" ""236"" ""重度污染"" ""PM2.5""",
"石家庄市 ""2014-01-30"" ""235"" ""重度污染"" ""PM2.5""",
"石家庄市 ""2014-01-29"" ""420"" ""严重污染"" ""PM10""",
"石家庄市 ""2014-01-28"" ""308"" ""严重污染"" ""PM10""",
"石家庄市 ""2014-01-27"" ""457"" ""严重污染"" ""PM10""",
"石家庄市 ""2014-01-26"" ""251"" ""重度污染"" ""PM2.5""",
"石家庄市 ""2014-01-25"" ""228"" ""重度污染"" ""PM2.5""",
"石家庄市 ""2014-01-24"" ""443"" ""严重污染"" ""PM10""",
"石家庄市 ""2014-01-23"" ""452"" ""严重污染"" ""PM10""",
"石家庄市 ""2014-01-22"" ""324"" ""严重污染"" ""PM10""",
"石家庄市 ""2014-01-21"" ""143"" ""轻度污染"" ""PM10""",
"石家庄市 ""2014-01-20"" ""93"" ""良"" ""PM10""",
"石家庄市 ""2014-01-19"" ""500"" ""严重污染"" ""PM10""",
"石家庄市 ""2014-01-18"" ""500"" ""严重污染"" ""PM10""",
"石家庄市 ""2014-01-17"" ""500"" ""严重污染"" ""PM2.5""",
"石家庄市 ""2014-01-16"" ""500"" ""严重污染"" ""PM2.5""",
"石家庄市 ""2014-01-15"" ""500"" ""严重污染"" ""PM10""",
"石家庄市 ""2014-01-14"" ""365"" ""严重污染"" ""PM10""",
"石家庄市 ""2014-01-13"" ""268"" ""重度污染"" ""PM2.5""",
"石家庄市 ""2014-01-12"" ""175"" ""中度污染"" ""PM2.5""",
"石家庄市 ""2014-01-11"" ""425"" ""严重污染"" ""PM2.5""",
"石家庄市 ""2014-01-10"" ""259"" ""重度污染"" ""PM2.5""",
"石家庄市 ""2014-01-09"" ""154"" ""中度污染"" ""PM10""",
"石家庄市 ""2014-01-08"" ""226"" ""重度污染"" ""PM2.5""",
"石家庄市 ""2014-01-06"" ""409"" ""严重污染"" ""PM10""",
"石家庄市 ""2014-01-05"" ""288"" ""重度污染"" ""PM2.5""",
"石家庄市 ""2014-01-04"" ""260"" ""重度污染"" ""PM2.5""",
"石家庄市 ""2014-01-03"" ""135"" ""轻度污染"" ""PM2.5""",
"石家庄市 ""2014-01-02"" ""225"" ""重度污染"" ""PM2.5""",
"石家庄市 ""2014-01-01"" ""88"" ""良"" ""PM10""",
"上海市 ""2015-05-04"" ""99"" ""良"" ""PM2.5""",
"上海市 ""2015-05-03"" ""82"" ""良"" ""PM2.5""",
"上海市 ""2015-05-02"" ""76"" ""良"" ""臭氧8小时""",
"上海市 ""2015-05-01"" ""90"" ""良"" ""臭氧8小时""",
"上海市 ""2015-04-30"" ""95"" ""良"" ""PM2.5""",
"上海市 ""2015-04-29"" ""65"" ""良"" ""臭氧8小时""",
"上海市 ""2015-04-28"" ""120"" ""轻度污染"" ""臭氧8小时""",
"上海市 ""2015-04-27"" ""110"" ""轻度污染"" ""臭氧8小时""",
"上海市 ""2015-04-26"" ""140"" ""轻度污染"" ""臭氧8小时""",
"上海市 ""2015-04-25"" ""107"" ""轻度污染"" ""PM2.5","臭氧8小时"""
"上海市 ""2015-04-24"" ""108"" ""轻度污染"" ""NO2""",
"上海市 ""2015-04-23"" ""114"" ""轻度污染"" ""臭氧8小时""",
"上海市 ""2015-04-22"" ""148"" ""轻度污染"" ""臭氧8小时""",
"上海市 ""2015-04-21"" ""82"" ""良"" ""臭氧8小时""",
"上海市 ""2015-04-20"" ""69"" ""良"" ""PM10""",
"上海市 ""2015-04-19"" ""155"" ""中度污染"" ""PM2.5""",
"上海市 ""2015-04-17"" ""93"" ""良"" ""PM10""",
"上海市 ""2015-04-16"" ""93"" ""良"" ""NO2","PM2.5"""
"上海市 ""2015-04-15"" ""106"" ""轻度污染"" ""NO2""",
"上海市 ""2015-04-14"" ""93"" ""良"" ""PM2.5""",
"上海市 ""2015-04-13"" ""70"" ""良"" ""PM10""",
"上海市 ""2015-04-12"" ""95"" ""良"" ""臭氧8小时""",
"上海市 ""2015-04-11"" ""81"" ""良"" ""臭氧8小时""",
"上海市 ""2015-04-10"" ""70"" ""良"" ""臭氧8小时""",
"上海市 ""2015-04-09"" ""66"" ""良"" ""臭氧8小时""",
"上海市 ""2015-04-08"" ""57"" ""良"" ""臭氧8小时""",
"上海市 ""2015-04-07"" ""45"" ""优"" """"",
"上海市 ""2015-04-06"" ""47"" ""优"" """"",
"上海市 ""2015-04-05"" ""67"" ""良"" ""PM2.5""",
"上海市 ""2015-04-04"" ""89"" ""良"" ""PM2.5""",
"上海市 ""2015-04-03"" ""92"" ""良"" ""PM2.5""",
"上海市 ""2015-04-02"" ""75"" ""良"" ""PM10""",
"上海市 ""2015-04-01"" ""84"" ""良"" ""NO2""",
"上海市 ""2015-03-31"" ""97"" ""良"" ""臭氧8小时""",
"上海市 ""2015-03-30"" ""76"" ""良"" ""臭氧8小时""",
"上海市 ""2015-03-29"" ""117"" ""轻度污染"" ""PM2.5""",
"上海市 ""2015-03-28"" ""105"" ""轻度污染"" ""PM2.5""",
"上海市 ""2015-03-27"" ""60"" ""良"" ""臭氧8小时""",
"上海市 ""2015-03-26"" ""71"" ""良"" ""臭氧8小时""",
"上海市 ""2015-03-25"" ""59"" ""良"" ""臭氧8小时""",
"上海市 ""2015-03-24"" ""53"" ""良"" ""臭氧8小时""",
"上海市 ""2015-03-23"" ""63"" ""良"" ""PM10""",
"上海市 ""2015-03-22"" ""99"" ""良"" ""PM2.5""",
"上海市 ""2015-03-21"" ""144"" ""轻度污染"" ""PM2.5""",
"上海市 ""2015-03-20"" ""87"" ""良"" ""PM2.5""",
"上海市 ""2015-03-19"" ""108"" ""轻度污染"" ""PM2.5""",
"上海市 ""2015-03-18"" ""80"" ""良"" ""PM2.5""",
"上海市 ""2015-03-17"" ""57"" ""良"" ""NO2""",
"上海市 ""2015-03-16"" ""52"" ""良"" ""NO2""",
"上海市 ""2015-03-15"" ""73"" ""良"" ""PM2.5""",
"上海市 ""2015-03-14"" ""134"" ""轻度污染"" ""PM2.5""",
"上海市 ""2015-03-13"" ""128"" ""轻度污染"" ""PM2.5""",
"上海市 ""2015-03-12"" ""98"" ""良"" ""PM2.5""",
"上海市 ""2015-03-11"" ""80"" ""良"" ""NO2""",
"上海市 ""2015-03-10"" ""45"" ""优"" """"",
"上海市 ""2015-03-09"" ""54"" ""良"" ""PM2.5""",
"上海市 ""2015-03-08"" ""62"" ""良"" ""NO2""",
"上海市 ""2015-03-07"" ""50"" ""优"" """"",
"上海市 ""2015-03-06"" ""45"" ""优"" """"",
"上海市 ""2015-03-05"" ""40"" ""优"" """"",
"上海市 ""2015-03-04"" ""50"" ""优"" """"",
"上海市 ""2015-03-03"" ""107"" ""轻度污染"" ""PM2.5""",
"上海市 ""2015-03-02"" ""142"" ""轻度污染"" ""PM2.5""",
"上海市 ""2015-03-01"" ""109"" ""轻度污染"" ""PM2.5""",
"上海市 ""2015-02-28"" ""39"" ""优"" """"",
"上海市 ""2015-02-27"" ""46"" ""优"" """"",
"上海市 ""2015-02-26"" ""69"" ""良"" ""PM2.5""",
"上海市 ""2015-02-25"" ""55"" ""良"" ""NO2""",
"上海市 ""2015-02-24"" ""79"" ""良"" ""PM10""",
"上海市 ""2015-02-23"" ""92"" ""良"" ""PM10""",
"上海市 ""2015-02-22"" ""148"" ""轻度污染"" ""PM2.5""",
"上海市 ""2015-02-21"" ""84"" ""良"" ""PM2.5""",
"上海市 ""2015-02-20"" ""45"" ""优"" """"",
"上海市 ""2015-02-19"" ""48"" ""优"" """"",
"上海市 ""2015-02-18"" ""92"" ""良"" ""PM2.5""",
"上海市 ""2015-02-17"" ""150"" ""轻度污染"" ""PM2.5""",
"上海市 ""2015-02-16"" ""149"" ""轻度污染"" ""PM2.5""",
"上海市 ""2015-02-15"" ""80"" ""良"" ""PM2.5""",
"上海市 ""2015-02-14"" ""81"" ""良"" ""臭氧8小时""",
"上海市 ""2015-02-13"" ""65"" ""良"" ""臭氧8小时""",
"上海市 ""2015-02-12"" ""209"" ""重度污染"" ""PM2.5""",
"上海市 ""2015-02-11"" ""108"" ""轻度污染"" ""PM2.5""",
"上海市 ""2015-02-10"" ""85"" ""良"" ""NO2""",
"上海市 ""2015-02-09"" ""55"" ""良"" ""NO2""",
"上海市 ""2015-02-08"" ""64"" ""良"" ""PM2.5""",
"上海市 ""2015-02-07"" ""147"" ""轻度污染"" ""PM2.5""",
"上海市 ""2015-02-06"" ""104"" ""轻度污染"" ""NO2""",
"上海市 ""2015-02-05"" ""120"" ""轻度污染"" ""PM2.5""",
"上海市 ""2015-02-04"" ""226"" ""重度污染"" ""PM2.5""",
"上海市 ""2015-02-03"" ""83"" ""良"" ""NO2""",
"上海市 ""2015-02-02"" ""64"" ""良"" ""NO2""",
"上海市 ""2015-02-01"" ""50"" ""优"" """"",
"上海市 ""2015-01-31"" ""48"" ""优"" """"",
"上海市 ""2015-01-30"" ""94"" ""良"" ""PM2.5""",
"上海市 ""2015-01-29"" ""50"" ""优"" """"",
"上海市 ""2015-01-28"" ""37"" ""优"" """"",
"上海市 ""2015-01-27"" ""65"" ""良"" ""PM2.5""",
"上海市 ""2015-01-26"" ""128"" ""轻度污染"" ""PM2.5""",
"上海市 ""2015-01-25"" ""168"" ""中度污染"" ""PM2.5""",
"上海市 ""2015-01-24"" ""139"" ""轻度污染"" ""PM2.5""",
"上海市 ""2015-01-23"" ""139"" ""轻度污染"" ""PM2.5""",
"上海市 ""2015-01-22"" ""166"" ""中度污染"" ""PM2.5""",
"上海市 ""2015-01-21"" ""139"" ""轻度污染"" ""PM2.5""",
"上海市 ""2015-01-20"" ""60"" ""良"" ""NO2","PM10"""
"上海市 ""2015-01-19"" ""115"" ""轻度污染"" ""PM2.5""",
"上海市 ""2015-01-18"" ""115"" ""轻度污染"" ""PM2.5""",
"上海市 ""2015-01-17"" ""100"" ""良"" ""PM2.5""",
"上海市 ""2015-01-16"" ""150"" ""轻度污染"" ""PM2.5""",
"上海市 ""2015-01-15"" ""102"" ""轻度污染"" ""PM2.5""",
"上海市 ""2015-01-14"" ""53"" ""良"" ""NO2""",
"上海市 ""2015-01-13"" ""60"" ""良"" ""NO2""",
"上海市 ""2015-01-12"" ""39"" ""优"" """"",
"上海市 ""2015-01-11"" ""248"" ""重度污染"" ""PM2.5""",
"上海市 ""2015-01-10"" ""240"" ""重度污染"" ""PM2.5""",
"上海市 ""2015-01-09"" ""196"" ""中度污染"" ""PM2.5""",
"上海市 ""2015-01-08"" ""94"" ""良"" ""PM2.5""",
"上海市 ""2015-01-07"" ""56"" ""良"" ""PM10""",
"上海市 ""2015-01-06"" ""109"" ""轻度污染"" ""PM2.5""",
"上海市 ""2015-01-05"" ""105"" ""轻度污染"" ""PM2.5""",
"上海市 ""2015-01-04"" ""166"" ""中度污染"" ""PM2.5""",
"上海市 ""2015-01-03"" ""128"" ""轻度污染"" ""PM2.5""",
"上海市 ""2015-01-02"" ""105"" ""轻度污染"" ""PM2.5""",
"上海市 ""2015-01-01"" ""63"" ""良"" ""PM10""",
"上海市 ""2014-12-31"" ""135"" ""轻度污染"" ""PM2.5""",
"上海市 ""2014-12-30"" ""170"" ""中度污染"" ""PM2.5""",
"上海市 ""2014-12-29"" ""192"" ""中度污染"" ""PM2.5""",
"上海市 ""2014-12-28"" ""101"" ""轻度污染"" ""NO2""",
"上海市 ""2014-12-27"" ""63"" ""良"" ""NO2""",
"上海市 ""2014-12-26"" ""59"" ""良"" ""NO2""",
"上海市 ""2014-12-25"" ""50"" ""优"" """"",
"上海市 ""2014-12-24"" ""179"" ""中度污染"" ""PM2.5""",
"上海市 ""2014-12-23"" ""88"" ""良"" ""NO2""",
"上海市 ""2014-12-22"" ""102"" ""轻度污染"" ""PM2.5""",
"上海市 ""2014-12-21"" ""89"" ""良"" ""PM2.5""",
"上海市 ""2014-12-20"" ""72"" ""良"" ""PM2.5""",
"上海市 ""2014-12-19"" ""106"" ""轻度污染"" ""NO2""",
"上海市 ""2014-12-18"" ""95"" ""良"" ""NO2""",
"上海市 ""2014-12-17"" ""81"" ""良"" ""PM10""",
"上海市 ""2014-12-16"" ""107"" ""轻度污染"" ""PM10""",
"上海市 ""2014-12-15"" ""109"" ""轻度污染"" ""PM2.5""",
"上海市 ""2014-12-14"" ""110"" ""轻度污染"" ""PM2.5""",
"上海市 ""2014-12-13"" ""95"" ""良"" ""NO2","PM2.5"""
"上海市 ""2014-12-12"" ""98"" ""良"" ""PM10","PM2.5"""
"上海市 ""2014-12-11"" ""99"" ""良"" ""PM2.5""",
"上海市 ""2014-12-10"" ""95"" ""良"" ""NO2""",
"上海市 ""2014-12-09"" ""63"" ""良"" ""NO2""",
"上海市 ""2014-12-08"" ""125"" ""轻度污染"" ""PM2.5""",
"上海市 ""2014-12-07"" ""107"" ""轻度污染"" ""NO2","PM2.5"""
"上海市 ""2014-12-06"" ""110"" ""轻度污染"" ""PM2.5""",
"上海市 ""2014-12-05"" ""100"" ""良"" ""PM2.5""",
"上海市 ""2014-12-04"" ""110"" ""轻度污染"" ""PM2.5""",
"上海市 ""2014-12-03"" ""93"" ""良"" ""NO2""",
"上海市 ""2014-12-02"" ""75"" ""良"" ""NO2""",
"上海市 ""2014-12-01"" ""90"" ""良"" ""PM10""",
"上海市 ""2014-11-29"" ""59"" ""良"" ""NO2""",
"上海市 ""2014-11-28"" ""82"" ""良"" ""PM2.5""",
"上海市 ""2014-11-27"" ""64"" ""良"" ""NO2""",
"上海市 ""2014-11-26"" ""75"" ""良"" ""NO2""",
"上海市 ""2014-11-25"" ""51"" ""良"" ""PM10""",
"上海市 ""2014-11-24"" ""52"" ""良"" ""NO2""",
"上海市 ""2014-11-23"" ""54"" ""良"" ""NO2""",
"上海市 ""2014-11-22"" ""95"" ""良"" ""PM2.5""",
"上海市 ""2014-11-20"" ""72"" ""良"" ""NO2""",
"上海市 ""2014-11-19"" ""73"" ""良"" ""NO2""",
"上海市 ""2014-11-18"" ""82"" ""良"" ""PM2.5""",
"上海市 ""2014-11-17"" ""153"" ""中度污染"" ""PM2.5""",
"上海市 ""2014-11-16"" ""90"" ""良"" ""PM2.5""",
"上海市 ""2014-11-15"" ""68"" ""良"" ""NO2""",
"上海市 ""2014-11-14"" ""102"" ""轻度污染"" ""NO2""",
"上海市 ""2014-11-13"" ""67"" ""良"" ""NO2""",
"上海市 ""2014-11-12"" ""166"" ""中度污染"" ""PM2.5""",
"上海市 ""2014-11-11"" ""90"" ""良"" ""NO2""",
"上海市 ""2014-11-10"" ""84"" ""良"" ""PM2.5""",
"上海市 ""2014-11-09"" ""53"" ""良"" ""PM10","臭氧8小时"""
"上海市 ""2014-11-08"" ""48"" ""优"" """"",
"上海市 ""2014-11-07"" ""59"" ""良"" ""臭氧8小时""",
"上海市 ""2014-11-06"" ""178"" ""中度污染"" ""PM2.5""",
"上海市 ""2014-11-05"" ""69"" ""良"" ""NO2""",
"上海市 ""2014-11-04"" ""63"" ""良"" ""NO2""",
"上海市 ""2014-11-03"" ""63"" ""良"" ""NO2""",
"上海市 ""2014-11-02"" ""78"" ""良"" ""PM2.5""",
"上海市 ""2014-11-01"" ""93"" ""良"" ""PM2.5""",
"上海市 ""2014-10-31"" ""95"" ""良"" ""NO2""",
"上海市 ""2014-10-30"" ""79"" ""良"" ""NO2""",
"上海市 ""2014-10-29"" ""72"" ""良"" ""NO2""",
"上海市 ""2014-10-28"" ""53"" ""良"" ""PM10","臭氧8小时"""
"上海市 ""2014-10-27"" ""65"" ""良"" ""PM10""",
"上海市 ""2014-10-26"" ""84"" ""良"" ""臭氧8小时""",
"上海市 ""2014-10-25"" ""76"" ""良"" ""臭氧8小时""",
"上海市 ""2014-10-24"" ""74"" ""良"" ""臭氧8小时""",
"上海市 ""2014-10-23"" ""67"" ""良"" ""NO2""",
"上海市 ""2014-10-22"" ""62"" ""良"" ""PM2.5""",
"上海市 ""2014-10-21"" ""82"" ""良"" ""PM2.5""",
"上海市 ""2014-10-20"" ""114"" ""轻度污染"" ""臭氧8小时""",
"上海市 ""2014-10-19"" ""64"" ""良"" ""臭氧8小时""",
"上海市 ""2014-10-18"" ""54"" ""良"" ""臭氧8小时""",
"上海市 ""2014-10-17"" ""58"" ""良"" ""NO2""",
"上海市 ""2014-10-16"" ""135"" ""轻度污染"" ""PM2.5""",
"上海市 ""2014-10-15"" ""128"" ""轻度污染"" ""PM2.5""",
"上海市 ""2014-10-14"" ""70"" ""良"" ""PM10""",
"上海市 ""2014-10-13"" ""70"" ""良"" ""PM10""",
"上海市 ""2014-10-12"" ""70"" ""良"" ""臭氧8小时""",
"上海市 ""2014-10-11"" ""77"" ""良"" ""臭氧8小时""",
"上海市 ""2014-10-10"" ""85"" ""良"" ""臭氧8小时""",
"上海市 ""2014-10-09"" ""73"" ""良"" ""臭氧8小时""",
"上海市 ""2014-10-08"" ""65"" ""良"" ""臭氧8小时""",
"上海市 ""2014-10-07"" ""75"" ""良"" ""臭氧8小时""",
"上海市 ""2014-10-06"" ""73"" ""良"" ""臭氧8小时""",
"上海市 ""2014-10-05"" ""74"" ""良"" ""臭氧8小时""",
"上海市 ""2014-10-04"" ""71"" ""良"" ""臭氧8小时""",
"上海市 ""2014-10-03"" ""84"" ""良"" ""臭氧8小时""",
"上海市 ""2014-10-02"" ""124"" ""轻度污染"" ""臭氧8小时""",
"上海市 ""2014-10-01"" ""53"" ""良"" ""臭氧8小时""",
"上海市 ""2014-09-30"" ""53"" ""良"" ""臭氧8小时""",
"上海市 ""2014-09-29"" ""72"" ""良"" ""PM2.5""",
"上海市 ""2014-09-28"" ""66"" ""良"" ""臭氧8小时""",
"上海市 ""2014-09-27"" ""71"" ""良"" ""臭氧8小时""",
"上海市 ""2014-09-26"" ""92"" ""良"" ""臭氧8小时""",
"上海市 ""2014-09-25"" ""95"" ""良"" ""臭氧8小时""",
"上海市 ""2014-09-24"" ""48"" ""优"" """"",
"上海市 ""2014-09-23"" ""34"" ""优"" """"",
"上海市 ""2014-09-22"" ""55"" ""良"" ""臭氧8小时""",
"上海市 ""2014-09-21"" ""64"" ""良"" ""臭氧8小时""",
"上海市 ""2014-09-20"" ""73"" ""良"" ""PM2.5""",
"上海市 ""2014-09-19"" ""80"" ""良"" ""NO2""",
"上海市 ""2014-09-18"" ""46"" ""优"" """"",
"上海市 ""2014-09-17"" ""55"" ""良"" ""臭氧8小时""",
"上海市 ""2014-09-16"" ""70"" ""良"" ""臭氧8小时""",
"上海市 ""2014-09-15"" ""54"" ""良"" ""臭氧8小时""",
"上海市 ""2014-09-14"" ""47"" ""优"" """"",
"上海市 ""2014-09-13"" ""44"" ""优"" """"",
"上海市 ""2014-09-12"" ""54"" ""良"" ""臭氧8小时""",
"上海市 ""2014-09-11"" ""75"" ""良"" ""臭氧8小时""",
"上海市 ""2014-09-10"" ""62"" ""良"" ""PM2.5""",
"上海市 ""2014-09-09"" ""65"" ""良"" ""臭氧8小时""",
"上海市 ""2014-09-08"" ""81"" ""良"" ""臭氧8小时""",
"上海市 ""2014-09-07"" ""73"" ""良"" ""臭氧8小时""",
"上海市 ""2014-09-06"" ""80"" ""良"" ""臭氧8小时""",
"上海市 ""2014-09-05"" ""121"" ""轻度污染"" ""臭氧8小时""",
"上海市 ""2014-09-04"" ""142"" ""轻度污染"" ""PM2.5""",
"上海市 ""2014-09-03"" ""67"" ""良"" ""NO2""",
"上海市 ""2014-09-02"" ""103"" ""轻度污染"" ""臭氧8小时""",
"上海市 ""2014-09-01"" ""50"" ""优"" """"",
"上海市 ""2014-08-31"" ""45"" ""优"" """"",
"上海市 ""2014-08-30"" ""49"" ""优"" """"",
"上海市 ""2014-08-29"" ""67"" ""良"" ""NO2""",
"上海市 ""2014-08-28"" ""55"" ""良"" ""臭氧8小时""",
"上海市 ""2014-08-27"" ""60"" ""良"" ""臭氧8小时""",
"上海市 ""2014-08-26"" ""85"" ""良"" ""臭氧8小时""",
"上海市 ""2014-08-25"" ""98"" ""良"" ""臭氧8小时""",
"上海市 ""2014-08-24"" ""126"" ""轻度污染"" ""臭氧8小时""",
"上海市 ""2014-08-23"" ""74"" ""良"" ""臭氧8小时""",
"上海市 ""2014-08-22"" ""75"" ""良"" ""臭氧8小时""",
"上海市 ""2014-08-21"" ""114"" ""轻度污染"" ""臭氧8小时""",
"上海市 ""2014-08-20"" ""64"" ""良"" ""NO2""",
"上海市 ""2014-08-19"" ""65"" ""良"" ""NO2""",
"上海市 ""2014-08-18"" ""67"" ""良"" ""NO2""",
"上海市 ""2014-08-17"" ""44"" ""优"" """"",
"上海市 ""2014-08-16"" ""65"" ""良"" ""臭氧8小时""",
"上海市 ""2014-08-15"" ""55"" ""良"" ""NO2""",
"上海市 ""2014-08-14"" ""48"" ""优"" """"",
"上海市 ""2014-08-13"" ""71"" ""良"" ""臭氧8小时""",
"上海市 ""2014-08-12"" ""57"" ""良"" ""PM10""",
"上海市 ""2014-08-11"" ""74"" ""良"" ""臭氧8小时""",
"上海市 ""2014-08-10"" ""72"" ""良"" ""PM2.5""",
"上海市 ""2014-08-09"" ""48"" ""优"" """"",
"上海市 ""2014-08-08"" ""40"" ""优"" """"",
"上海市 ""2014-08-07"" ""41"" ""优"" """"",
"上海市 ""2014-08-06"" ""85"" ""良"" ""臭氧8小时""",
"上海市 ""2014-08-05"" ""104"" ""轻度污染"" ""臭氧8小时""",
"上海市 ""2014-08-04"" ""162"" ""中度污染"" ""臭氧8小时""",
"上海市 ""2014-08-03"" ""107"" ""轻度污染"" ""臭氧8小时""",
"上海市 ""2014-08-02"" ""34"" ""优"" """"",
"上海市 ""2014-08-01"" ""32"" ""优"" """"",
"上海市 ""2014-07-31"" ""33"" ""优"" """"",
"上海市 ""2014-07-30"" ""43"" ""优"" """"",
"上海市 ""2014-07-29"" ""86"" ""良"" ""臭氧8小时""",
"上海市 ""2014-07-28"" ""117"" ""轻度污染"" ""臭氧8小时""",
"上海市 ""2014-07-27"" ""67"" ""良"" ""PM2.5""",
"上海市 ""2014-07-26"" ""127"" ""轻度污染"" ""PM2.5""",
"上海市 ""2014-07-25"" ""58"" ""良"" ""PM10","PM2.5"""
"上海市 ""2014-07-24"" ""51"" ""良"" ""PM10""",
"上海市 ""2014-07-23"" ""47"" ""优"" """"",
"上海市 ""2014-07-22"" ""64"" ""良"" ""臭氧8小时""",
"上海市 ""2014-07-21"" ""63"" ""良"" ""臭氧8小时""",
"上海市 ""2014-07-20"" ""66"" ""良"" ""臭氧8小时""",
"上海市 ""2014-07-19"" ""55"" ""良"" ""臭氧8小时""",
"上海市 ""2014-07-18"" ""46"" ""优"" """"",
"上海市 ""2014-07-17"" ""60"" ""良"" ""臭氧8小时""",
"上海市 ""2014-07-16"" ""85"" ""良"" ""PM2.5""",
"上海市 ""2014-07-15"" ""62"" ""良"" ""NO2""",
"上海市 ""2014-07-14"" ""116"" ""轻度污染"" ""臭氧8小时""",
"上海市 ""2014-07-13"" ""60"" ""良"" ""PM2.5""",
"上海市 ""2014-07-12"" ""104"" ""轻度污染"" ""PM2.5""",
"上海市 ""2014-07-11"" ""160"" ""中度污染"" ""PM2.5""",
"上海市 ""2014-07-10"" ""129"" ""轻度污染"" ""PM2.5""",
"上海市 ""2014-07-09"" ""44"" ""优"" """"",
"上海市 ""2014-07-08"" ""44"" ""优"" """"",
"上海市 ""2014-07-07"" ""55"" ""良"" ""PM2.5""",
"上海市 ""2014-07-06"" ""77"" ""良"" ""PM2.5""",
"上海市 ""2014-07-05"" ""55"" ""良"" ""臭氧8小时""",
"上海市 ""2014-07-04"" ""64"" ""良"" ""PM2.5","臭氧8小时"""
"上海市 ""2014-07-03"" ""104"" ""轻度污染"" ""PM2.5""",
"上海市 ""2014-07-02"" ""75"" ""良"" ""PM2.5""",
"上海市 ""2014-07-01"" ""55"" ""良"" ""PM2.5""",
"上海市 ""2014-06-30"" ""83"" ""良"" ""PM2.5""",
"上海市 ""2014-06-29"" ""130"" ""轻度污染"" ""PM2.5""",
"上海市 ""2014-06-28"" ""124"" ""轻度污染"" ""PM2.5""",
"上海市 ""2014-06-27"" ""52"" ""良"" ""NO2""",
"上海市 ""2014-06-26"" ""57"" ""良"" ""NO2""",
"上海市 ""2014-06-25"" ""58"" ""良"" ""臭氧8小时""",
"上海市 ""2014-06-24"" ""95"" ""良"" ""臭氧8小时""",
"上海市 ""2014-06-23"" ""52"" ""良"" ""PM2.5""",
"上海市 ""2014-06-22"" ""47"" ""优"" """"",
"上海市 ""2014-06-21"" ""43"" ""优"" """"",
"上海市 ""2014-06-20"" ""57"" ""良"" ""NO2""",
"上海市 ""2014-06-19"" ""69"" ""良"" ""臭氧8小时""",
"上海市 ""2014-06-18"" ""60"" ""良"" ""臭氧8小时""",
"上海市 ""2014-06-17"" ""54"" ""良"" ""NO2""",
"上海市 ""2014-06-16"" ""49"" ""优"" """"",
"上海市 ""2014-06-15"" ""75"" ""良"" ""臭氧8小时""",
"上海市 ""2014-06-14"" ""194"" ""中度污染"" ""臭氧8小时""",
"上海市 ""2014-06-13"" ""158"" ""中度污染"" ""臭氧8小时""",
"上海市 ""2014-06-12"" ""80"" ""良"" ""臭氧8小时""",
"上海市 ""2014-06-11"" ""49"" ""优"" """"",
"上海市 ""2014-06-10"" ""42"" ""优"" """"",
"上海市 ""2014-06-09"" ""57"" ""良"" ""臭氧8小时""",
"上海市 ""2014-06-08"" ""57"" ""良"" ""PM2.5""",
"上海市 ""2014-06-07"" ""104"" ""轻度污染"" ""臭氧8小时""",
"上海市 ""2014-06-06"" ""69"" ""良"" ""PM2.5""",
"上海市 ""2014-06-05"" ""54"" ""良"" ""PM2.5""",
"上海市 ""2014-06-04"" ""80"" ""良"" ""PM2.5""",
"上海市 ""2014-06-03"" ""60"" ""良"" ""PM2.5""",
"上海市 ""2014-06-02"" ""67"" ""良"" ""PM2.5""",
"上海市 ""2014-06-01"" ""62"" ""良"" ""臭氧8小时""",
"上海市 ""2014-05-31"" ""90"" ""良"" ""臭氧8小时""",
"上海市 ""2014-05-30"" ""123"" ""轻度污染"" ""臭氧8小时""",
"上海市 ""2014-05-29"" ""143"" ""轻度污染"" ""臭氧8小时""",
"上海市 ""2014-05-28"" ""137"" ""轻度污染"" ""PM2.5""",
"上海市 ""2014-05-27"" ""189"" ""中度污染"" ""PM2.5""",
"上海市 ""2014-05-26"" ""150"" ""轻度污染"" ""PM2.5""",
"上海市 ""2014-05-25"" ""115"" ""轻度污染"" ""PM2.5""",
"上海市 ""2014-05-24"" ""55"" ""良"" ""臭氧8小时""",
"上海市 ""2014-05-23"" ""68"" ""良"" ""臭氧8小时""",
"上海市 ""2014-05-22"" ""96"" ""良"" ""臭氧8小时""",
"上海市 ""2014-05-21"" ""150"" ""轻度污染"" ""臭氧8小时""",
"上海市 ""2014-05-20"" ""89"" ""良"" ""PM2.5""",
"上海市 ""2014-05-19"" ""60"" ""良"" ""PM2.5""",
"上海市 ""2014-05-18"" ""63"" ""良"" ""臭氧8小时""",
"上海市 ""2014-05-17"" ""79"" ""良"" ""臭氧8小时""",
"上海市 ""2014-05-16"" ""98"" ""良"" ""臭氧8小时""",
"上海市 ""2014-05-15"" ""92"" ""良"" ""臭氧8小时""",
"上海市 ""2014-05-14"" ""146"" ""轻度污染"" ""臭氧8小时""",
"上海市 ""2014-05-13"" ""85"" ""良"" ""臭氧8小时""",
"上海市 ""2014-05-12"" ""110"" ""轻度污染"" ""PM2.5""",
"上海市 ""2014-05-11"" ""58"" ""良"" ""PM2.5""",
"上海市 ""2014-05-10"" ""54"" ""良"" ""PM2.5""",
"上海市 ""2014-05-09"" ""66"" ""良"" ""臭氧8小时""",
"上海市 ""2014-05-08"" ""107"" ""轻度污染"" ""臭氧8小时""",
"上海市 ""2014-05-07"" ""92"" ""良"" ""臭氧8小时""",
"上海市 ""2014-05-06"" ""86"" ""良"" ""臭氧8小时""",
"上海市 ""2014-05-05"" ""71"" ""良"" ""臭氧8小时""",
"上海市 ""2014-05-04"" ""79"" ""良"" ""NO2""",
"上海市 ""2014-05-03"" ""72"" ""良"" ""臭氧8小时""",
"上海市 ""2014-05-02"" ""107"" ""轻度污染"" ""PM2.5","臭氧8小时"""
"上海市 ""2014-05-01"" ""124"" ""轻度污染"" ""PM2.5""",
"上海市 ""2014-04-30"" ""92"" ""良"" ""臭氧8小时""",
"上海市 ""2014-04-29"" ""102"" ""轻度污染"" ""PM2.5""",
"上海市 ""2014-04-28"" ""69"" ""良"" ""PM2.5""",
"上海市 ""2014-04-27"" ""84"" ""良"" ""PM2.5""",
"上海市 ""2014-04-26"" ""50"" ""优"" """"",
"上海市 ""2014-04-25"" ""72"" ""良"" ""臭氧8小时""",
"上海市 ""2014-04-24"" ""72"" ""良"" ""PM2.5","臭氧8小时"""
"上海市 ""2014-04-23"" ""95"" ""良"" ""PM2.5""",
"上海市 ""2014-04-22"" ""77"" ""良"" ""NO2""",
"上海市 ""2014-04-21"" ""63"" ""良"" ""PM2.5""",
"上海市 ""2014-04-20"" ""54"" ""良"" ""臭氧8小时""",
"上海市 ""2014-04-19"" ""59"" ""良"" ""臭氧8小时""",
"上海市 ""2014-04-18"" ""83"" ""良"" ""PM2.5""",
"上海市 ""2014-04-17"" ""189"" ""中度污染"" ""PM2.5""",
"上海市 ""2014-04-16"" ""62"" ""良"" ""PM2.5""",
"上海市 ""2014-04-15"" ""73"" ""良"" ""臭氧8小时""",
"上海市 ""2014-04-14"" ""88"" ""良"" ""PM2.5""",
"上海市 ""2014-04-13"" ""60"" ""良"" ""臭氧8小时""",
"上海市 ""2014-04-12"" ""77"" ""良"" ""PM2.5""",
"上海市 ""2014-04-11"" ""68"" ""良"" ""PM2.5""",
"上海市 ""2014-04-10"" ""87"" ""良"" ""臭氧8小时""",
"上海市 ""2014-04-09"" ""90"" ""良"" ""PM2.5""",
"上海市 ""2014-04-08"" ""89"" ""良"" ""PM2.5""",
"上海市 ""2014-04-07"" ""58"" ""良"" ""臭氧8小时""",
"上海市 ""2014-04-06"" ""52"" ""良"" ""PM10","臭氧8小时"""
"上海市 ""2014-04-05"" ""78"" ""良"" ""PM2.5""",
"上海市 ""2014-04-04"" ""79"" ""良"" ""NO2""",
"上海市 ""2014-04-03"" ""75"" ""良"" ""臭氧8小时""",
"上海市 ""2014-04-02"" ""67"" ""良"" ""NO2""",
"上海市 ""2014-04-01"" ""72"" ""良"" ""PM2.5""",
"上海市 ""2014-03-31"" ""79"" ""良"" ""PM2.5""",
"上海市 ""2014-03-30"" ""128"" ""轻度污染"" ""PM2.5""",
"上海市 ""2014-03-29"" ""92"" ""良"" ""PM2.5""",
"上海市 ""2014-03-28"" ""55"" ""良"" ""PM2.5""",
"上海市 ""2014-03-27"" ""57"" ""良"" ""NO2","PM2.5"""
"上海市 ""2014-03-26"" ""112"" ""轻度污染"" ""PM2.5""",
"上海市 ""2014-03-26"" ""112"" ""轻度污染"" ""PM2.5""",
"上海市 ""2014-03-25"" ""92"" ""良"" ""NO2""",
"上海市 ""2014-03-24"" ""55"" ""良"" ""PM10""",
"上海市 ""2014-03-23"" ""58"" ""良"" ""臭氧8小时""",
"上海市 ""2014-03-22"" ""77"" ""良"" ""臭氧8小时""",
"上海市 ""2014-03-21"" ""61"" ""良"" ""臭氧8小时""",
"上海市 ""2014-03-20"" ""82"" ""良"" ""PM2.5""",
"上海市 ""2014-03-19"" ""112"" ""轻度污染"" ""PM10""",
"上海市 ""2014-03-18"" ""178"" ""中度污染"" ""PM2.5""",
"上海市 ""2014-03-17"" ""110"" ""轻度污染"" ""PM2.5""",
"上海市 ""2014-03-16"" ""93"" ""良"" ""PM2.5""",
"上海市 ""2014-03-15"" ""112"" ""轻度污染"" ""PM2.5""",
"上海市 ""2014-03-14"" ""110"" ""轻度污染"" ""PM2.5""",
"上海市 ""2014-03-13"" ""60"" ""良"" ""PM10""",
"上海市 ""2014-03-12"" ""58"" ""良"" ""NO2""",
"上海市 ""2014-03-11"" ""87"" ""良"" ""臭氧8小时""",
"上海市 ""2014-03-10"" ""201"" ""重度污染"" ""PM2.5""",
"上海市 ""2014-03-09"" ""113"" ""轻度污染"" ""PM2.5""",
"上海市 ""2014-03-08"" ""101"" ""轻度污染"" ""臭氧8小时""",
"上海市 ""2014-03-07"" ""46"" ""优"" """"",
"上海市 ""2014-03-06"" ""46"" ""优"" """"",
"上海市 ""2014-03-05"" ""54"" ""良"" ""PM2.5""",
"上海市 ""2014-03-04"" ""67"" ""良"" ""NO2""",
"上海市 ""2014-03-03"" ""55"" ""良"" ""PM10""",
"上海市 ""2014-03-02"" ""73"" ""良"" ""PM2.5""",
"上海市 ""2014-03-01"" ""52"" ""良"" ""NO2""",
"上海市 ""2014-02-28"" ""112"" ""轻度污染"" ""PM2.5""",
"上海市 ""2014-02-27"" ""125"" ""轻度污染"" ""PM2.5""",
"上海市 ""2014-02-26"" ""70"" ""良"" ""PM2.5""",
"上海市 ""2014-02-25"" ""63"" ""良"" ""臭氧8小时""",
"上海市 ""2014-02-24"" ""109"" ""轻度污染"" ""PM2.5""",
"上海市 ""2014-02-23"" ""117"" ""轻度污染"" ""PM2.5""",
"上海市 ""2014-02-22"" ""113"" ""轻度污染"" ""PM2.5""",
"上海市 ""2014-02-21"" ""113"" ""轻度污染"" ""细颗粒物(PM2.5)""",
"上海市 ""2014-02-20"" ""168"" ""中度污染"" ""细颗粒物(PM2.5)""",
"上海市 ""2014-02-19"" ""88"" ""良"" ""细颗粒物(PM2.5)""",
"上海市 ""2014-02-18"" ""40"" ""优"" """"",
"上海市 ""2014-02-17"" ""53"" ""良"" ""二氧化氮""",
"上海市 ""2014-02-16"" ""48"" ""优"" """"",
"上海市 ""2014-02-15"" ""45"" ""优"" """"",
"上海市 ""2014-02-14"" ""59"" ""良"" ""PM2.5""",
"上海市 ""2014-02-13"" ""40"" ""优"" """"",
"上海市 ""2014-02-12"" ""38"" ""优"" """"",
"上海市 ""2014-02-11"" ""50"" ""优"" """"",
"上海市 ""2014-02-10"" ""40"" ""优"" """"",
"上海市 ""2014-02-09"" ""63"" ""良"" ""PM2.5""",
"上海市 ""2014-02-08"" ""59"" ""良"" ""PM2.5""",
"上海市 ""2014-02-07"" ""35"" ""优"" """"",
"上海市 ""2014-02-06"" ""29"" ""优"" """"",
"上海市 ""2014-02-05"" ""37"" ""优"" """"",
"上海市 ""2014-02-04"" ""38"" ""优"" """"",
"上海市 ""2014-02-03"" ""63"" ""良"" ""PM2.5""",
"上海市 ""2014-02-02"" ""236"" ""重度污染"" ""PM2.5""",
"上海市 ""2014-02-01"" ""92"" ""良"" ""PM2.5""",
"上海市 ""2014-01-31"" ""186"" ""中度污染"" ""PM2.5""",
"上海市 ""2014-01-30"" ""241"" ""重度污染"" ""PM2.5""",
"上海市 ""2014-01-29"" ""80"" ""良"" ""PM2.5""",
"上海市 ""2014-01-28"" ""69"" ""良"" ""PM2.5""",
"上海市 ""2014-01-27"" ""54"" ""良"" ""NO2""",
"上海市 ""2014-01-26"" ""44"" ""优"" """"",
"上海市 ""2014-01-25"" ""132"" ""轻度污染"" ""PM2.5""",
"上海市 ""2014-01-24"" ""53"" ""良"" ""NO2""",
"上海市 ""2014-01-23"" ""59"" ""良"" ""NO2""",
"上海市 ""2014-01-22"" ""74"" ""良"" ""NO2""",
"上海市 ""2014-01-21"" ""64"" ""良"" ""PM10","PM2.5"""
"上海市 ""2014-01-20"" ""239"" ""重度污染"" ""PM2.5""",
"上海市 ""2014-01-19"" ""155"" ""中度污染"" ""PM2.5""",
"上海市 ""2014-01-18"" ""210"" ""重度污染"" ""PM2.5""",
"上海市 ""2014-01-17"" ""130"" ""轻度污染"" ""PM2.5""",
"上海市 ""2014-01-16"" ""104"" ""轻度污染"" ""PM2.5""",
"上海市 ""2014-01-15"" ""55"" ""良"" ""NO2""",
"上海市 ""2014-01-14"" ""49"" ""优"" """"",
"上海市 ""2014-01-13"" ""58"" ""良"" ""PM2.5""",
"上海市 ""2014-01-12"" ""113"" ""轻度污染"" ""PM2.5""",
"上海市 ""2014-01-11"" ""62"" ""良"" ""PM2.5""",
"上海市 ""2014-01-10"" ""65"" ""良"" ""PM2.5""",
"上海市 ""2014-01-09"" ""51"" ""良"" ""PM10""",
"上海市 ""2014-01-08"" ""50"" ""优"" """"",
"上海市 ""2014-01-06"" ""59"" ""良"" ""NO2""",
"上海市 ""2014-01-05"" ""83"" ""良"" ""NO2""",
"上海市 ""2014-01-04"" ""137"" ""轻度污染"" ""PM2.5""",
"上海市 ""2014-01-03"" ""195"" ""中度污染"" ""PM2.5""",
"上海市 ""2014-01-02"" ""140"" ""轻度污染"" ""PM2.5""",
"上海市 ""2014-01-01"" ""193"" ""中度污染"" ""PM2.5""",
